npm verbose cli C:\Program Files\nodejs\node.exe C:\Users\susan\AppData\Roaming\npm\node_modules\npm\bin\npm-cli.js
npm info using npm@10.9.2
npm info using node@v24.12.0
npm verbose title npm install
npm verbose argv "install" "--legacy-peer-deps" "--loglevel" "verbose"
npm verbose logfile logs-max:10 dir:D:\npm-cache\_logs\2026-08-05T12_16_50_960Z-
npm verbose logfile D:\npm-cache\_logs\2026-08-05T12_16_50_960Z-debug-0.log
npm http fetch GET 200 https://registry.npmjs.org/expo 717ms (cache revalidated)
npm http fetch GET 200 https://registry.npmjs.org/expo-router 676ms (cache revalidated)
npm http fetch GET 200 https://registry.npmjs.org/react 323ms (cache revalidated)
npm http fetch GET 200 https://registry.npmjs.org/react-native 667ms (cache revalidated)
npm http fetch GET 200 https://registry.npmjs.org/expo-status-bar 565ms (cache revalidated)
npm http fetch GET 200 https://registry.npmjs.org/expo-camera 734ms (cache revalidated)
npm http fetch GET 200 https://registry.npmjs.org/expo-media-library 665ms (cache revalidated)
npm http fetch GET 200 https://registry.npmjs.org/expo-file-system 374ms (cache revalidated)
npm http fetch GET 200 https://registry.npmjs.org/expo-sqlite 141ms (cache revalidated)
npm http fetch GET 200 https://registry.npmjs.org/expo-secure-store 381ms (cache revalidated)
npm http fetch GET 200 https://registry.npmjs.org/expo-font 371ms (cache revalidated)
npm http fetch GET 200 https://registry.npmjs.org/expo-splash-screen 99ms (cache revalidated)
npm http fetch GET 200 https://registry.npmjs.org/expo-haptics 389ms (cache revalidated)
npm http fetch GET 200 https://registry.npmjs.org/expo-speech 422ms (cache revalidated)
npm http fetch GET 200 https://registry.npmjs.org/expo-localization 355ms (cache revalidated)
npm http fetch GET 200 https://registry.npmjs.org/expo-updates 388ms (cache revalidated)
npm http fetch GET 200 https://registry.npmjs.org/expo-build-properties 366ms (cache revalidated)
npm http fetch GET 200 https://registry.npmjs.org/react-native-mmkv 335ms (cache revalidated)
npm http fetch GET 200 https://registry.npmjs.org/zustand 84ms (cache revalidated)
npm http fetch GET 200 https://registry.npmjs.org/@tanstack%2freact-query 142ms (cache revalidated)
npm http fetch GET 200 https://registry.npmjs.org/@tanstack%2freact-query-persist-client 872ms (cache revalidated)
npm http fetch GET 200 https://registry.npmjs.org/react-native-reanimated 989ms (cache revalidated)
npm http fetch GET 200 https://registry.npmjs.org/react-native-gesture-handler 513ms (cache revalidated)
npm http fetch GET 200 https://registry.npmjs.org/@shopify%2freact-native-skia 613ms (cache revalidated)
npm http fetch GET 200 https://registry.npmjs.org/@shopify%2fflash-list 777ms (cache revalidated)
npm http fetch GET 200 https://registry.npmjs.org/nativewind 417ms (cache revalidated)
npm http fetch GET 200 https://registry.npmjs.org/react-native-google-mobile-ads 386ms (cache revalidated)
npm http fetch GET 200 https://registry.npmjs.org/@react-native-firebase%2fapp 917ms (cache revalidated)
npm http fetch GET 200 https://registry.npmjs.org/@react-native-firebase%2fauth 870ms (cache revalidated)
npm http fetch GET 200 https://registry.npmjs.org/@react-native-firebase%2fanalytics 893ms (cache revalidated)
npm http fetch GET 200 https://registry.npmjs.org/@react-native-firebase%2fcrashlytics 1024ms (cache revalidated)
npm http fetch GET 200 https://registry.npmjs.org/axios 247ms (cache revalidated)
npm http fetch GET 200 https://registry.npmjs.org/i18n-js 499ms (cache revalidated)
npm http fetch GET 200 https://registry.npmjs.org/react-hook-form 444ms (cache revalidated)
npm http fetch GET 200 https://registry.npmjs.org/@hookform%2fresolvers 247ms (cache revalidated)
npm http fetch GET 200 https://registry.npmjs.org/zod 205ms (cache revalidated)
npm http fetch GET 200 https://registry.npmjs.org/react-native-safe-area-context 95ms (cache revalidated)
npm http fetch GET 200 https://registry.npmjs.org/react-native-screens 328ms (cache revalidated)
npm http fetch GET 200 https://registry.npmjs.org/@react-navigation%2fnative 306ms (cache revalidated)
npm http fetch GET 200 https://registry.npmjs.org/@babel%2fcore 290ms (cache revalidated)
npm http fetch GET 200 https://registry.npmjs.org/@types%2freact 384ms (cache revalidated)
npm http fetch GET 200 https://registry.npmjs.org/@types%2freact-native 1015ms (cache revalidated)
npm http fetch GET 200 https://registry.npmjs.org/@types%2fjest 827ms (cache revalidated)
npm http fetch GET 200 https://registry.npmjs.org/@types%2fi18n-js 679ms (cache revalidated)
npm http fetch GET 200 https://registry.npmjs.org/typescript 655ms (cache revalidated)
npm http fetch GET 200 https://registry.npmjs.org/eslint 151ms (cache revalidated)
npm http fetch GET 200 https://registry.npmjs.org/eslint-config-expo 347ms (cache revalidated)
npm http fetch GET 200 https://registry.npmjs.org/prettier 81ms (cache revalidated)
npm http fetch GET 200 https://registry.npmjs.org/jest 88ms (cache revalidated)
npm http fetch GET 200 https://registry.npmjs.org/jest-expo 463ms (cache revalidated)
npm http fetch GET 200 https://registry.npmjs.org/@testing-library%2freact-native 94ms (cache revalidated)
npm http fetch GET 200 https://registry.npmjs.org/@testing-library%2fjest-native 826ms (cache revalidated)
npm http fetch GET 200 https://registry.npmjs.org/react-test-renderer 318ms (cache revalidated)
npm http fetch GET 200 https://registry.npmjs.org/fast-check 346ms (cache revalidated)
npm http fetch GET 200 https://registry.npmjs.org/tailwindcss 459ms (cache revalidated)
npm http fetch GET 200 https://registry.npmjs.org/babel-jest 93ms (cache revalidated)
npm http fetch GET 200 https://registry.npmjs.org/debug 126ms (cache revalidated)
npm http fetch GET 200 https://registry.npmjs.org/json5 155ms (cache revalidated)
npm http fetch GET 200 https://registry.npmjs.org/semver 176ms (cache revalidated)
npm http fetch GET 200 https://registry.npmjs.org/@babel%2ftypes 132ms (cache revalidated)
npm http fetch GET 200 https://registry.npmjs.org/gensync 201ms (cache revalidated)
npm http fetch GET 200 https://registry.npmjs.org/@babel%2fparser 154ms (cache revalidated)
npm http fetch GET 200 https://registry.npmjs.org/@babel%2fhelpers 189ms (cache revalidated)
npm http fetch GET 200 https://registry.npmjs.org/@babel%2ftemplate 203ms (cache revalidated)
npm http fetch GET 200 https://registry.npmjs.org/@babel%2ftraverse 190ms (cache revalidated)
npm http fetch GET 200 https://registry.npmjs.org/@babel%2fcode-frame 251ms (cache revalidated)
npm http fetch GET 200 https://registry.npmjs.org/convert-source-map 238ms (cache revalidated)
npm http fetch GET 200 https://registry.npmjs.org/@babel%2fgenerator 470ms (cache revalidated)
npm http fetch GET 200 https://registry.npmjs.org/@jridgewell%2fremapping 192ms (cache revalidated)
npm http fetch GET 200 https://registry.npmjs.org/@babel%2fhelper-compilation-targets 200ms (cache revalidated)
npm http fetch GET 200 https://registry.npmjs.org/@babel%2fhelper-module-transforms 453ms (cache revalidated)
npm http fetch GET 200 https://registry.npmjs.org/superstruct 236ms (cache revalidated)
npm http fetch GET 200 https://registry.npmjs.org/firebase 2134ms (cache revalidated)
npm http fetch GET 200 https://registry.npmjs.org/stacktrace-js 3368ms (cache revalidated)
npm http fetch GET 200 https://registry.npmjs.org/plist 3557ms (cache revalidated)
npm http fetch GET 200 https://registry.npmjs.org/fast-deep-equal 382ms (cache revalidated)
npm http fetch GET 200 https://registry.npmjs.org/escape-string-regexp 413ms (cache revalidated)
npm http fetch GET 200 https://registry.npmjs.org/nanoid 647ms (cache revalidated)
npm http fetch GET 200 https://registry.npmjs.org/tslib 299ms (cache revalidated)
npm http fetch GET 200 https://registry.npmjs.org/@react-navigation%2fcore 451ms (cache revalidated)
npm http fetch GET 200 https://registry.npmjs.org/recyclerlistview 631ms (cache revalidated)
npm http fetch GET 200 https://registry.npmjs.org/canvaskit-wasm 701ms (cache revalidated)
npm http fetch GET 200 https://registry.npmjs.org/react-reconciler 881ms (cache revalidated)
npm http fetch GET 200 https://registry.npmjs.org/@tanstack%2fquery-core 1288ms (cache revalidated)
npm http fetch GET 200 https://registry.npmjs.org/chalk 865ms (cache revalidated)
npm http fetch GET 200 https://registry.npmjs.org/@tanstack%2fquery-persist-client-core 1693ms (cache revalidated)
npm http fetch GET 200 https://registry.npmjs.org/redent 547ms (cache revalidated)
npm http fetch GET 200 https://registry.npmjs.org/jest-diff 263ms (cache revalidated)
npm http fetch GET 200 https://registry.npmjs.org/jest-matcher-utils 555ms (cache revalidated)
npm http fetch GET 200 https://registry.npmjs.org/pretty-format 703ms (cache revalidated)
npm http fetch GET 200 https://registry.npmjs.org/pretty-format 1005ms (cache revalidated)
npm http fetch GET 200 https://registry.npmjs.org/expect 993ms (cache revalidated)
npm http fetch GET 200 https://registry.npmjs.org/csstype 889ms (cache revalidated)
npm http fetch GET 200 https://registry.npmjs.org/@types%2fprop-types 732ms (cache revalidated)
npm http fetch GET 200 https://registry.npmjs.org/proxy-from-env 379ms (cache revalidated)
npm http fetch GET 200 https://registry.npmjs.org/form-data 532ms (cache revalidated)
npm http fetch GET 200 https://registry.npmjs.org/follow-redirects 851ms (cache revalidated)
npm http fetch GET 200 https://registry.npmjs.org/slash 703ms (cache revalidated)
npm http fetch GET 200 https://registry.npmjs.org/https-proxy-agent 946ms (cache revalidated)
npm http fetch GET 200 https://registry.npmjs.org/graceful-fs 693ms (cache revalidated)
npm http fetch GET 200 https://registry.npmjs.org/babel-preset-jest 547ms (cache revalidated)
npm http fetch GET 200 https://registry.npmjs.org/@types%2fbabel__core 362ms (cache revalidated)
npm http fetch GET 200 https://registry.npmjs.org/ajv 117ms (cache revalidated)
npm http fetch GET 200 https://registry.npmjs.org/@jest%2ftransform 985ms (cache revalidated)
npm http fetch GET 200 https://registry.npmjs.org/levn 101ms (cache revalidated)
npm http fetch GET 200 https://registry.npmjs.org/babel-plugin-istanbul 357ms (cache revalidated)
npm http fetch GET 200 https://registry.npmjs.org/espree 106ms (cache revalidated)
npm http fetch GET 200 https://registry.npmjs.org/ignore 123ms (cache revalidated)
npm http fetch GET 200 https://registry.npmjs.org/esquery 231ms (cache revalidated)
npm http fetch GET 200 https://registry.npmjs.org/esutils 218ms (cache revalidated)
npm http fetch GET 200 https://registry.npmjs.org/find-up 163ms (cache revalidated)
npm http fetch GET 200 https://registry.npmjs.org/is-glob 99ms (cache revalidated)
npm http fetch GET 200 https://registry.npmjs.org/js-yaml 98ms (cache revalidated)
npm http fetch GET 200 https://registry.npmjs.org/globals 154ms (cache revalidated)
npm http fetch GET 200 https://registry.npmjs.org/doctrine 136ms (cache revalidated)
npm http fetch GET 200 https://registry.npmjs.org/graphemer 144ms (cache revalidated)
npm http fetch GET 200 https://registry.npmjs.org/minimatch 128ms (cache revalidated)
npm http fetch GET 200 https://registry.npmjs.org/optionator 114ms (cache revalidated)
npm http fetch GET 200 https://registry.npmjs.org/@eslint%2fjs 139ms (cache revalidated)
npm http fetch GET 200 https://registry.npmjs.org/strip-ansi 85ms (cache revalidated)
npm http fetch GET 200 https://registry.npmjs.org/text-table 82ms (cache revalidated)
npm http fetch GET 200 https://registry.npmjs.org/cross-spawn 107ms (cache revalidated)
npm http fetch GET 200 https://registry.npmjs.org/glob-parent 107ms (cache revalidated)
npm http fetch GET 200 https://registry.npmjs.org/imurmurhash 88ms (cache revalidated)
npm http fetch GET 200 https://registry.npmjs.org/eslint-scope 95ms (cache revalidated)
npm http fetch GET 200 https://registry.npmjs.org/lodash.merge 99ms (cache revalidated)
npm http fetch GET 200 https://registry.npmjs.org/is-path-inside 97ms (cache revalidated)
npm http fetch GET 200 https://registry.npmjs.org/natural-compare 113ms (cache revalidated)
npm http fetch GET 200 https://registry.npmjs.org/@eslint%2feslintrc 359ms (cache revalidated)
npm http fetch GET 200 https://registry.npmjs.org/@nodelib%2ffs.walk 373ms (cache revalidated)
npm http fetch GET 200 https://registry.npmjs.org/file-entry-cache 363ms (cache revalidated)
npm http fetch GET 200 https://registry.npmjs.org/eslint-visitor-keys 101ms (cache revalidated)
npm http fetch GET 200 https://registry.npmjs.org/@ungap%2fstructured-clone 334ms (cache revalidated)
npm http fetch GET 200 https://registry.npmjs.org/@eslint-community%2fregexpp 430ms (cache revalidated)
npm http fetch GET 200 https://registry.npmjs.org/@humanwhocodes%2fconfig-array 893ms (cache revalidated)
npm http fetch GET 200 https://registry.npmjs.org/@humanwhocodes%2fmodule-importer 762ms (cache revalidated)
npm http fetch GET 200 https://registry.npmjs.org/@eslint-community%2feslint-utils 1084ms (cache revalidated)
npm http fetch GET 200 https://registry.npmjs.org/eslint-plugin-react 298ms (cache revalidated)
npm http fetch GET 200 https://registry.npmjs.org/json-stable-stringify-without-jsonify 735ms (cache revalidated)
npm http fetch GET 200 https://registry.npmjs.org/eslint-plugin-import 152ms (cache revalidated)
npm http fetch GET 200 https://registry.npmjs.org/@typescript-eslint%2fparser 880ms (cache revalidated)
npm http fetch GET 200 https://registry.npmjs.org/eslint-plugin-expo 2267ms (cache revalidated)
npm http fetch GET 200 https://registry.npmjs.org/eslint-plugin-react-hooks 1988ms (cache revalidated)
npm http fetch GET 200 https://registry.npmjs.org/eslint-import-resolver-typescript 949ms (cache revalidated)
npm http fetch GET 200 https://registry.npmjs.org/@typescript-eslint%2feslint-plugin 1797ms (cache revalidated)
npm http fetch GET 200 https://registry.npmjs.org/expo-asset 212ms (cache revalidated)
npm http fetch GET 200 https://registry.npmjs.org/fbemitter 1850ms (cache revalidated)
npm http fetch GET 200 https://registry.npmjs.org/@expo%2fconfig 207ms (cache revalidated)
npm http fetch GET 200 https://registry.npmjs.org/@expo%2fcli 2335ms (cache revalidated)
npm http fetch GET 200 https://registry.npmjs.org/@babel%2fruntime 631ms (cache revalidated)
npm http fetch GET 200 https://registry.npmjs.org/expo-keep-awake 785ms (cache revalidated)
npm http fetch GET 200 https://registry.npmjs.org/expo-file-system 910ms (cache revalidated)
npm http fetch GET 200 https://registry.npmjs.org/babel-preset-expo 750ms (cache revalidated)
npm http fetch GET 200 https://registry.npmjs.org/expo-modules-core 715ms (cache revalidated)
npm http fetch GET 200 https://registry.npmjs.org/@expo%2fvector-icons 669ms (cache revalidated)
npm http fetch GET 200 https://registry.npmjs.org/@expo%2fmetro-config 829ms (cache revalidated)
npm http fetch GET 200 https://registry.npmjs.org/@expo%2fconfig-plugins 1583ms (cache revalidated)
npm http fetch GET 200 https://registry.npmjs.org/whatwg-url-without-unicode 1102ms (cache revalidated)
npm http fetch GET 200 https://registry.npmjs.org/expo-modules-autolinking 1582ms (cache revalidated)
npm http fetch GET 200 https://registry.npmjs.org/ajv 796ms (cache revalidated)
npm http fetch GET 200 https://registry.npmjs.org/invariant 931ms (cache revalidated)
npm http fetch GET 200 https://registry.npmjs.org/fontfaceobserver 1083ms (cache revalidated)
npm http fetch GET 200 https://registry.npmjs.org/schema-utils 562ms (cache revalidated)
npm http fetch GET 200 https://registry.npmjs.org/rtl-detect 1393ms (cache revalidated)
npm http fetch GET 200 https://registry.npmjs.org/@expo%2fserver 1315ms (cache revalidated)
npm http fetch GET 200 https://registry.npmjs.org/expo-splash-screen 1008ms (cache revalidated)
npm http fetch GET 200 https://registry.npmjs.org/@radix-ui%2freact-slot 1031ms (cache revalidated)
npm http fetch GET 200 https://registry.npmjs.org/@expo%2fmetro-runtime 1384ms (cache revalidated)
npm http fetch GET 200 https://registry.npmjs.org/@react-navigation%2fnative-stack 322ms (cache revalidated)
npm http fetch GET 200 https://registry.npmjs.org/react-native-helmet-async 856ms (cache revalidated)
npm http fetch GET 200 https://registry.npmjs.org/@react-navigation%2fbottom-tabs 945ms (cache revalidated)
npm http fetch GET 200 https://registry.npmjs.org/@expo%2fwebsql 309ms (cache revalidated)
npm http fetch GET 200 https://registry.npmjs.org/fast-glob 96ms (cache revalidated)
npm http fetch GET 200 https://registry.npmjs.org/@expo%2fconfig 81ms (cache revalidated)
npm http fetch GET 200 https://registry.npmjs.org/resolve-from 68ms (cache revalidated)
npm http fetch GET 200 https://registry.npmjs.org/arg 348ms (cache revalidated)
npm http fetch GET 200 https://registry.npmjs.org/expo-manifests 116ms (cache revalidated)
npm http fetch GET 200 https://registry.npmjs.org/expo-eas-client 148ms (cache revalidated)
npm http fetch GET 200 https://registry.npmjs.org/@expo%2fprebuild-config 935ms (cache revalidated)
npm http fetch GET 200 https://registry.npmjs.org/@expo%2ffingerprint 302ms (cache revalidated)
npm http fetch GET 200 https://registry.npmjs.org/@expo%2fconfig-plugins 213ms (cache revalidated)
npm http fetch GET 200 https://registry.npmjs.org/expo-updates-interface 248ms (cache revalidated)
npm http fetch GET 200 https://registry.npmjs.org/@expo%2fspawn-async 576ms (cache revalidated)
npm http fetch GET 200 https://registry.npmjs.org/expo-structured-headers 179ms (cache revalidated)
npm http fetch GET 200 https://registry.npmjs.org/@expo%2fcode-signing-certificates 245ms (cache revalidated)
npm http fetch GET 200 https://registry.npmjs.org/pure-rand 267ms (cache revalidated)
npm http fetch GET 200 https://registry.npmjs.org/lodash 223ms (cache revalidated)
npm http fetch GET 200 https://registry.npmjs.org/jest-cli 315ms (cache revalidated)
npm http fetch GET 200 https://registry.npmjs.org/bignumber.js 652ms (cache revalidated)
npm http fetch GET 200 https://registry.npmjs.org/make-plural 762ms (cache revalidated)
npm http fetch GET 200 https://registry.npmjs.org/@jest%2fcore 508ms (cache revalidated)
npm http fetch GET 200 https://registry.npmjs.org/import-local 468ms (cache revalidated)
npm http fetch GET 200 https://registry.npmjs.org/@jest%2ftypes 662ms (cache revalidated)
npm http fetch GET 200 https://registry.npmjs.org/jest-environment-jsdom 381ms (cache revalidated)
npm http fetch GET 200 https://registry.npmjs.org/@expo%2fjson-file 1133ms (cache revalidated)
npm http fetch GET 200 https://registry.npmjs.org/jest-watch-typeahead 1004ms (cache revalidated)
npm http fetch GET 200 https://registry.npmjs.org/comment-json 116ms (cache revalidated)
npm http fetch GET 200 https://registry.npmjs.org/@jest%2fcreate-cache-key-function 166ms (cache revalidated)
npm http fetch GET 200 https://registry.npmjs.org/loose-envify 90ms (cache revalidated)
npm http fetch GET 200 https://registry.npmjs.org/jest-watch-select-projects 763ms (cache revalidated)
npm http fetch GET 200 https://registry.npmjs.org/ws 82ms (cache revalidated)
npm http fetch GET 200 https://registry.npmjs.org/yargs 97ms (cache revalidated)
npm http fetch GET 200 https://registry.npmjs.org/react-native-css-interop 447ms (cache revalidated)
npm http fetch GET 200 https://registry.npmjs.org/anser 376ms (cache revalidated)
npm http fetch GET 200 https://registry.npmjs.org/base64-js 59ms (cache revalidated)
npm http fetch GET 200 https://registry.npmjs.org/scheduler 269ms (cache revalidated)
npm http fetch GET 200 https://registry.npmjs.org/promise 649ms (cache revalidated)
npm http fetch GET 200 https://registry.npmjs.org/mkdirp 737ms (cache revalidated)
npm http fetch GET 200 https://registry.npmjs.org/ansi-regex 150ms (cache revalidated)
npm http fetch GET 200 https://registry.npmjs.org/nullthrows 123ms (cache revalidated)
npm http fetch GET 200 https://registry.npmjs.org/jsc-android 377ms (cache revalidated)
npm http fetch GET 200 https://registry.npmjs.org/metro-runtime 72ms (cache revalidated)
npm http fetch GET 200 https://registry.npmjs.org/memoize-one 394ms (cache revalidated)
npm http fetch GET 200 https://registry.npmjs.org/whatwg-fetch 415ms (cache revalidated)
npm http fetch GET 200 https://registry.npmjs.org/react-refresh 435ms (cache revalidated)
npm http fetch GET 200 https://registry.npmjs.org/abort-controller 1099ms (cache revalidated)
npm http fetch GET 200 https://registry.npmjs.org/stacktrace-parser 186ms (cache revalidated)
npm http fetch GET 200 https://registry.npmjs.org/flow-enums-runtime 130ms (cache revalidated)
npm http fetch GET 200 https://registry.npmjs.org/metro-source-map 1425ms (cache revalidated)
npm http fetch GET 200 https://registry.npmjs.org/event-target-shim 545ms (cache revalidated)
npm http fetch GET 200 https://registry.npmjs.org/react-devtools-core 220ms (cache revalidated)
npm http fetch GET 200 https://registry.npmjs.org/regenerator-runtime 319ms (cache revalidated)
npm http fetch GET 200 https://registry.npmjs.org/jest-environment-node 265ms (cache revalidated)
npm http fetch GET 200 https://registry.npmjs.org/@react-native%2fcodegen 516ms (cache revalidated)
npm http fetch GET 200 https://registry.npmjs.org/react-shallow-renderer 629ms (cache revalidated)
npm http fetch GET 200 https://registry.npmjs.org/@react-native%2fjs-polyfills 730ms (cache revalidated)
npm http fetch GET 200 https://registry.npmjs.org/@react-native%2fassets-registry 254ms (cache revalidated)
npm http fetch GET 200 https://registry.npmjs.org/@react-native%2fgradle-plugin 822ms (cache revalidated)
npm http fetch GET 200 https://registry.npmjs.org/@react-native-community%2fcli 1143ms (cache revalidated)
npm http fetch GET 200 https://registry.npmjs.org/@react-native%2fnormalize-colors 620ms (cache revalidated)
npm http fetch GET 200 https://registry.npmjs.org/@react-native%2fvirtualized-lists 627ms (cache revalidated)
npm http fetch GET 200 https://registry.npmjs.org/@react-native%2fcommunity-cli-plugin 923ms (cache revalidated)
npm http fetch GET 200 https://registry.npmjs.org/prop-types 78ms (cache revalidated)
npm http fetch GET 200 https://registry.npmjs.org/@egjs%2fhammerjs 346ms (cache revalidated)
npm http fetch GET 200 https://registry.npmjs.org/@react-native-community%2fcli-platform-ios 1271ms (cache revalidated)
npm http fetch GET 200 https://registry.npmjs.org/hoist-non-react-statics 113ms (cache revalidated)
npm http fetch GET 200 https://registry.npmjs.org/@react-native-community%2fcli-platform-android 1169ms (cache revalidated)
npm http fetch GET 200 https://registry.npmjs.org/use-deep-compare-effect 337ms (cache revalidated)
npm http fetch GET 200 https://registry.npmjs.org/@babel%2fpreset-typescript 71ms (cache revalidated)
npm http fetch GET 200 https://registry.npmjs.org/@babel%2fplugin-transform-arrow-functions 367ms (cache revalidated)
npm http fetch GET 200 https://registry.npmjs.org/@babel%2fplugin-transform-optional-chaining 342ms (cache revalidated)
npm http fetch GET 200 https://registry.npmjs.org/@iabtcf%2fcore 912ms (cache revalidated)
npm http fetch GET 200 https://registry.npmjs.org/@babel%2fplugin-transform-shorthand-properties 198ms (cache revalidated)
npm http fetch GET 200 https://registry.npmjs.org/@babel%2fplugin-transform-template-literals 247ms (cache revalidated)
npm http fetch GET 200 https://registry.npmjs.org/warn-once 245ms (cache revalidated)
npm http fetch GET 200 https://registry.npmjs.org/react-freeze 252ms (cache revalidated)
npm http fetch GET 200 https://registry.npmjs.org/react-is 481ms (cache revalidated)
npm http fetch GET 200 https://registry.npmjs.org/@babel%2fplugin-transform-nullish-coalescing-operator 910ms (cache revalidated)
npm http fetch GET 200 https://registry.npmjs.org/scheduler 692ms (cache revalidated)
npm http fetch GET 200 https://registry.npmjs.org/dlv 509ms (cache revalidated)
npm http fetch GET 200 https://registry.npmjs.org/jiti 504ms (cache revalidated)
npm http fetch GET 200 https://registry.npmjs.org/postcss 403ms (cache revalidated)
npm http fetch GET 200 https://registry.npmjs.org/resolve 353ms (cache revalidated)
npm http fetch GET 200 https://registry.npmjs.org/chokidar 532ms (cache revalidated)
npm http fetch GET 200 https://registry.npmjs.org/lilconfig 370ms (cache revalidated)
npm http fetch GET 200 https://registry.npmjs.org/sucrase 727ms (cache revalidated)
npm http fetch GET 200 https://registry.npmjs.org/micromatch 110ms (cache revalidated)
npm http fetch GET 200 https://registry.npmjs.org/didyoumean 134ms (cache revalidated)
npm http fetch GET 200 https://registry.npmjs.org/picocolors 115ms (cache revalidated)
npm http fetch GET 200 https://registry.npmjs.org/normalize-path 87ms (cache revalidated)
npm http fetch GET 200 https://registry.npmjs.org/object-hash 98ms (cache revalidated)
npm http fetch GET 200 https://registry.npmjs.org/postcss-js 126ms (cache revalidated)
npm http fetch GET 200 https://registry.npmjs.org/postcss-nested 104ms (cache revalidated)
npm http fetch GET 200 https://registry.npmjs.org/@alloc%2fquick-lru 181ms (cache revalidated)
npm http fetch GET 200 https://registry.npmjs.org/postcss-load-config 249ms (cache revalidated)
npm http fetch GET 200 https://registry.npmjs.org/postcss-import 522ms (cache revalidated)
npm http fetch GET 200 https://registry.npmjs.org/postcss-selector-parser 415ms (cache revalidated)
npm http fetch GET 200 https://registry.npmjs.org/use-sync-external-store 509ms (cache revalidated)
npm http fetch GET 200 https://registry.npmjs.org/jsesc 348ms (cache revalidated)
npm http fetch GET 200 https://registry.npmjs.org/js-tokens 510ms (cache revalidated)
npm http fetch GET 200 https://registry.npmjs.org/@babel%2fhelper-validator-identifier 487ms (cache revalidated)
npm http fetch GET 200 https://registry.npmjs.org/lru-cache 512ms (cache revalidated)
npm http fetch GET 200 https://registry.npmjs.org/@jridgewell%2ftrace-mapping 547ms (cache revalidated)
npm http fetch GET 200 https://registry.npmjs.org/@jridgewell%2fgen-mapping 660ms (cache revalidated)
npm http fetch GET 200 https://registry.npmjs.org/@babel%2fhelper-validator-option 479ms (cache revalidated)
npm http fetch GET 200 https://registry.npmjs.org/browserslist 532ms (cache revalidated)
npm http fetch GET 200 https://registry.npmjs.org/@babel%2fcompat-data 552ms (cache revalidated)
npm http fetch GET 200 https://registry.npmjs.org/@babel%2fhelper-module-imports 183ms (cache revalidated)
npm http fetch GET 200 https://registry.npmjs.org/@babel%2fhelper-globals 235ms (cache revalidated)
npm http fetch GET 200 https://registry.npmjs.org/@babel%2fhelper-string-parser 217ms (cache revalidated)
npm http fetch GET 200 https://registry.npmjs.org/ms 296ms (cache revalidated)
npm http fetch GET 200 https://registry.npmjs.org/@jridgewell%2fresolve-uri 499ms (cache revalidated)
npm http fetch GET 200 https://registry.npmjs.org/@jridgewell%2fsourcemap-codec 616ms (cache revalidated)
npm http fetch GET 200 https://registry.npmjs.org/@jridgewell%2fsourcemap-codec 616ms (cache revalidated)
npm http fetch GET 200 https://registry.npmjs.org/node-releases 624ms (cache revalidated)
npm http fetch GET 200 https://registry.npmjs.org/caniuse-lite 671ms (cache revalidated)
npm http fetch GET 200 https://registry.npmjs.org/electron-to-chromium 957ms (cache revalidated)
npm http fetch GET 200 https://registry.npmjs.org/update-browserslist-db 770ms (cache revalidated)
npm http fetch GET 200 https://registry.npmjs.org/baseline-browser-mapping 714ms (cache revalidated)
npm http fetch GET 200 https://registry.npmjs.org/yallist 448ms (cache revalidated)
npm http fetch GET 200 https://registry.npmjs.org/@firebase%2fauth 1714ms (cache revalidated)
npm http fetch GET 200 https://registry.npmjs.org/@firebase%2fapp 3353ms (cache revalidated)
npm http fetch GET 200 https://registry.npmjs.org/@firebase%2futil 3992ms (cache revalidated)
npm http fetch GET 200 https://registry.npmjs.org/@firebase%2fstorage 3903ms (cache revalidated)
npm http fetch GET 200 https://registry.npmjs.org/@firebase%2fanalytics 1784ms (cache revalidated)
npm http fetch GET 200 https://registry.npmjs.org/@firebase%2fdatabase 3487ms (cache revalidated)
npm http fetch GET 200 https://registry.npmjs.org/@firebase%2fapp-check 1741ms (cache revalidated)
npm http fetch GET 200 https://registry.npmjs.org/@firebase%2ffirestore 1879ms (cache revalidated)
npm http fetch GET 200 https://registry.npmjs.org/@firebase%2fapp-types 3817ms (cache revalidated)
npm http fetch GET 200 https://registry.npmjs.org/@firebase%2ffunctions 2552ms (cache revalidated)
npm http fetch GET 200 https://registry.npmjs.org/@firebase%2fmessaging 2752ms (cache revalidated)
npm http fetch GET 200 https://registry.npmjs.org/@firebase%2fapp-compat 3148ms (cache revalidated)
npm http fetch GET 200 https://registry.npmjs.org/@firebase%2fauth-compat 2851ms (cache revalidated)
npm http fetch GET 200 https://registry.npmjs.org/@firebase%2fremote-config 1147ms (cache revalidated)
npm http fetch GET 200 https://registry.npmjs.org/@firebase%2fperformance 2554ms (cache revalidated)
npm http fetch GET 200 https://registry.npmjs.org/@firebase%2finstallations 2417ms (cache revalidated)
npm http fetch GET 200 https://registry.npmjs.org/@firebase%2fstorage-compat 1951ms (cache revalidated)
npm http fetch GET 200 https://registry.npmjs.org/@firebase%2fdatabase-compat 1667ms (cache revalidated)
npm http fetch GET 200 https://registry.npmjs.org/@firebase%2fanalytics-compat 1701ms (cache revalidated)
npm http fetch GET 200 https://registry.npmjs.org/@firebase%2fapp-check-compat 1756ms (cache revalidated)
npm http fetch GET 200 https://registry.npmjs.org/@firebase%2ffirestore-compat 1726ms (cache revalidated)
npm http fetch GET 200 https://registry.npmjs.org/@firebase%2ffunctions-compat 1804ms (cache revalidated)
npm http fetch GET 200 https://registry.npmjs.org/@firebase%2fmessaging-compat 1612ms (cache revalidated)
npm http fetch GET 200 https://registry.npmjs.org/@firebase%2fvertexai-preview 1382ms (cache revalidated)
npm http fetch GET 200 https://registry.npmjs.org/@firebase%2fperformance-compat 1196ms (cache revalidated)
npm http fetch GET 200 https://registry.npmjs.org/kind-of 153ms (cache revalidated)
npm http fetch GET 200 https://registry.npmjs.org/clone-deep 236ms (cache revalidated)
npm http fetch GET 200 https://registry.npmjs.org/@firebase%2finstallations-compat 1046ms (cache revalidated)
npm http fetch GET 200 https://registry.npmjs.org/@firebase%2fremote-config-compat 1557ms (cache revalidated)
npm http fetch GET 200 https://registry.npmjs.org/xmlbuilder 420ms (cache revalidated)
npm http fetch GET 200 https://registry.npmjs.org/@xmldom%2fxmldom 654ms (cache revalidated)
npm http fetch GET 200 https://registry.npmjs.org/stacktrace-gps 756ms (cache revalidated)
npm http fetch GET 200 https://registry.npmjs.org/error-stack-parser 795ms (cache revalidated)
npm http fetch GET 200 https://registry.npmjs.org/stack-generator 804ms (cache revalidated)
npm http fetch GET 200 https://registry.npmjs.org/react-is 669ms (cache revalidated)
npm http fetch GET 200 https://registry.npmjs.org/use-latest-callback 821ms (cache revalidated)
npm http fetch GET 200 https://registry.npmjs.org/query-string 859ms (cache revalidated)
npm http fetch GET 200 https://registry.npmjs.org/@react-navigation%2frouters 515ms (cache revalidated)
npm http fetch GET 200 https://registry.npmjs.org/strict-uri-encode 826ms (cache revalidated)
npm http fetch GET 200 https://registry.npmjs.org/filter-obj 832ms (cache revalidated)
npm http fetch GET 200 https://registry.npmjs.org/split-on-first 834ms (cache revalidated)
npm http fetch GET 200 https://registry.npmjs.org/decode-uri-component 484ms (cache revalidated)
npm http fetch GET 200 https://registry.npmjs.org/lodash.debounce 491ms (cache revalidated)
npm http fetch GET 200 https://registry.npmjs.org/ts-object-utils 870ms (cache revalidated)
npm http fetch GET 200 https://registry.npmjs.org/scheduler 828ms (cache revalidated)
npm http fetch GET 200 https://registry.npmjs.org/@webgpu%2ftypes 1112ms (cache revalidated)
npm http fetch GET 200 https://registry.npmjs.org/ansi-styles 315ms (cache revalidated)
npm http fetch GET 200 https://registry.npmjs.org/jest-get-type 433ms (cache revalidated)
npm http fetch GET 200 https://registry.npmjs.org/supports-color 439ms (cache revalidated)
npm http fetch GET 200 https://registry.npmjs.org/react-is 652ms (cache revalidated)
npm http fetch GET 200 https://registry.npmjs.org/diff-sequences 945ms (cache revalidated)
npm http fetch GET 200 https://registry.npmjs.org/@jest%2fschemas 1102ms (cache revalidated)
npm http fetch GET 200 https://registry.npmjs.org/indent-string 360ms (cache revalidated)
npm http fetch GET 200 https://registry.npmjs.org/strip-indent 601ms (cache revalidated)
npm http fetch GET 200 https://registry.npmjs.org/jest-util 375ms (cache revalidated)
npm http fetch GET 200 https://registry.npmjs.org/jest-message-util 400ms (cache revalidated)
npm http fetch GET 200 https://registry.npmjs.org/@jest%2fexpect-utils 532ms (cache revalidated)
npm http fetch GET 200 https://registry.npmjs.org/mime-types 81ms (cache revalidated)
npm http fetch GET 200 https://registry.npmjs.org/hasown 92ms (cache revalidated)
npm http fetch GET 200 https://registry.npmjs.org/asynckit 98ms (cache revalidated)
npm http fetch GET 200 https://registry.npmjs.org/combined-stream 111ms (cache revalidated)
npm http fetch GET 200 https://registry.npmjs.org/agent-base 107ms (cache revalidated)
npm http fetch GET 200 https://registry.npmjs.org/es-set-tostringtag 116ms (cache revalidated)
npm http fetch GET 200 https://registry.npmjs.org/pirates 106ms (cache revalidated)
npm http fetch GET 200 https://registry.npmjs.org/jest-regex-util 100ms (cache revalidated)
npm http fetch GET 200 https://registry.npmjs.org/jest-haste-map 118ms (cache revalidated)
npm http fetch GET 200 https://registry.npmjs.org/write-file-atomic 100ms (cache revalidated)
npm http fetch GET 200 https://registry.npmjs.org/@types%2fbabel__template 76ms (cache revalidated)
npm http fetch GET 200 https://registry.npmjs.org/@types%2fbabel__traverse 73ms (cache revalidated)
npm http fetch GET 200 https://registry.npmjs.org/@types%2fbabel__generator 72ms (cache revalidated)
npm http fetch GET 200 https://registry.npmjs.org/test-exclude 74ms (cache revalidated)
npm http fetch GET 200 https://registry.npmjs.org/istanbul-lib-instrument 63ms (cache revalidated)
npm http fetch GET 200 https://registry.npmjs.org/fast-json-stable-stringify 337ms (cache revalidated)
npm http fetch GET 200 https://registry.npmjs.org/@babel%2fhelper-plugin-utils 65ms (cache revalidated)
npm http fetch GET 200 https://registry.npmjs.org/babel-plugin-jest-hoist 75ms (cache revalidated)
npm http fetch GET 200 https://registry.npmjs.org/babel-preset-current-node-syntax 85ms (cache revalidated)
npm http fetch GET 200 https://registry.npmjs.org/@istanbuljs%2fload-nyc-config 232ms (cache revalidated)
npm http fetch GET 200 https://registry.npmjs.org/@istanbuljs%2fschema 494ms (cache revalidated)
npm http fetch GET 200 https://registry.npmjs.org/@types%2fyargs 102ms (cache revalidated)
npm http fetch GET 200 https://registry.npmjs.org/@types%2fistanbul-reports 129ms (cache revalidated)
npm http fetch GET 200 https://registry.npmjs.org/@types%2fnode 637ms (cache revalidated)
npm http fetch GET 200 https://registry.npmjs.org/walker 860ms (cache revalidated)
npm http fetch GET 200 https://registry.npmjs.org/@types%2fistanbul-lib-coverage 880ms (cache revalidated)
npm http fetch GET 200 https://registry.npmjs.org/anymatch 106ms (cache revalidated)
npm http fetch GET 200 https://registry.npmjs.org/@types%2fgraceful-fs 79ms (cache revalidated)
npm http fetch GET 200 https://registry.npmjs.org/fsevents 67ms (cache revalidated)
npm http fetch GET 200 https://registry.npmjs.org/ci-info 58ms (cache revalidated)
npm http fetch GET 200 https://registry.npmjs.org/picomatch 62ms (cache revalidated)
npm http fetch GET 200 https://registry.npmjs.org/fb-watchman 348ms (cache revalidated)
npm http fetch GET 200 https://registry.npmjs.org/jest-worker 366ms (cache revalidated)
npm http fetch GET 200 https://registry.npmjs.org/braces 129ms (cache revalidated)
npm http fetch GET 200 https://registry.npmjs.org/signal-exit 110ms (cache revalidated)
npm http fetch GET 200 https://registry.npmjs.org/undici-types 98ms (cache revalidated)
npm http fetch GET 200 https://registry.npmjs.org/@types%2fistanbul-lib-report 117ms (cache revalidated)
npm http fetch GET 200 https://registry.npmjs.org/@types%2fyargs-parser 95ms (cache revalidated)
npm http fetch GET 200 https://registry.npmjs.org/@sinclair%2ftypebox 918ms (cache revalidated)
npm http fetch GET 200 https://registry.npmjs.org/camelcase 247ms (cache revalidated)
npm http fetch GET 200 https://registry.npmjs.org/get-package-type 258ms (cache revalidated)
npm http fetch GET 200 https://registry.npmjs.org/istanbul-lib-coverage 252ms (cache revalidated)
npm http fetch GET 200 https://registry.npmjs.org/glob 415ms (cache revalidated)
npm http fetch GET 200 https://registry.npmjs.org/locate-path 385ms (cache revalidated)
npm http fetch GET 200 https://registry.npmjs.org/esprima 458ms (cache revalidated)
npm http fetch GET 200 https://registry.npmjs.org/path-exists 493ms (cache revalidated)
npm http fetch GET 200 https://registry.npmjs.org/argparse 306ms (cache revalidated)
npm http fetch GET 200 https://registry.npmjs.org/@babel%2fplugin-syntax-async-generators 334ms (cache revalidated)
npm http fetch GET 200 https://registry.npmjs.org/@babel%2fplugin-syntax-class-properties 433ms (cache revalidated)
npm http fetch GET 200 https://registry.npmjs.org/@babel%2fplugin-syntax-bigint 510ms (cache revalidated)
npm http fetch GET 200 https://registry.npmjs.org/@babel%2fplugin-syntax-import-attributes 81ms (cache revalidated)
npm http fetch GET 200 https://registry.npmjs.org/@babel%2fplugin-syntax-json-strings 71ms (cache revalidated)
npm http fetch GET 200 https://registry.npmjs.org/@babel%2fplugin-syntax-logical-assignment-operators 65ms (cache revalidated)
npm http fetch GET 200 https://registry.npmjs.org/@babel%2fplugin-syntax-nullish-coalescing-operator 61ms (cache revalidated)
npm http fetch GET 200 https://registry.npmjs.org/@babel%2fplugin-syntax-class-static-block 386ms (cache revalidated)
npm http fetch GET 200 https://registry.npmjs.org/@babel%2fplugin-syntax-numeric-separator 62ms (cache revalidated)
npm http fetch GET 200 https://registry.npmjs.org/@babel%2fplugin-syntax-import-meta 347ms (cache revalidated)
npm http fetch GET 200 https://registry.npmjs.org/@babel%2fplugin-syntax-optional-catch-binding 70ms (cache revalidated)
npm http fetch GET 200 https://registry.npmjs.org/@babel%2fplugin-syntax-private-property-in-object 57ms (cache revalidated)
npm http fetch GET 200 https://registry.npmjs.org/@babel%2fplugin-syntax-top-level-await 53ms (cache revalidated)
npm http fetch GET 200 https://registry.npmjs.org/@babel%2fplugin-syntax-object-rest-spread 348ms (cache revalidated)
npm http fetch GET 200 https://registry.npmjs.org/@babel%2fplugin-syntax-optional-chaining 320ms (cache revalidated)
npm http fetch GET 200 https://registry.npmjs.org/escalade 56ms (cache revalidated)
npm http fetch GET 200 https://registry.npmjs.org/color-convert 93ms (cache revalidated)
npm http fetch GET 200 https://registry.npmjs.org/has-flag 97ms (cache revalidated)
npm http fetch GET 200 https://registry.npmjs.org/color-name 97ms (cache revalidated)
npm http fetch GET 200 https://registry.npmjs.org/strip-json-comments 188ms (cache revalidated)
npm http fetch GET 200 https://registry.npmjs.org/fastq 170ms (cache revalidated)
npm http fetch GET 200 https://registry.npmjs.org/import-fresh 533ms (cache revalidated)
npm http fetch GET 200 https://registry.npmjs.org/uri-js 344ms (cache revalidated)
npm http fetch GET 200 https://registry.npmjs.org/@nodelib%2ffs.scandir 530ms (cache revalidated)
npm http fetch GET 200 https://registry.npmjs.org/@humanwhocodes%2fobject-schema 932ms (cache revalidated)
npm http fetch GET 200 https://registry.npmjs.org/which 304ms (cache revalidated)
npm http fetch GET 200 https://registry.npmjs.org/json-schema-traverse 469ms (cache revalidated)
npm http fetch GET 200 https://registry.npmjs.org/path-key 417ms (cache revalidated)
npm http fetch GET 200 https://registry.npmjs.org/shebang-command 385ms (cache revalidated)
npm http fetch GET 200 https://registry.npmjs.org/esrecurse 343ms (cache revalidated)
npm http fetch GET 200 https://registry.npmjs.org/estraverse 346ms (cache revalidated)
npm http fetch GET 200 https://registry.npmjs.org/acorn 99ms (cache revalidated)
npm http fetch GET 200 https://registry.npmjs.org/acorn-jsx 130ms (cache revalidated)
npm http fetch GET 200 https://registry.npmjs.org/type-fest 99ms (cache revalidated)
npm http fetch GET 200 https://registry.npmjs.org/is-extglob 100ms (cache revalidated)
npm http fetch GET 200 https://registry.npmjs.org/prelude-ls 63ms (cache revalidated)
npm http fetch GET 200 https://registry.npmjs.org/type-check 69ms (cache revalidated)
npm http fetch GET 200 https://registry.npmjs.org/brace-expansion 80ms (cache revalidated)
npm http fetch GET 200 https://registry.npmjs.org/deep-is 84ms (cache revalidated)
npm http fetch GET 200 https://registry.npmjs.org/word-wrap 77ms (cache revalidated)
npm http fetch GET 200 https://registry.npmjs.org/flat-cache 413ms (cache revalidated)
npm http fetch GET 200 https://registry.npmjs.org/fast-levenshtein 77ms (cache revalidated)
npm http fetch GET 200 https://registry.npmjs.org/parent-module 63ms (cache revalidated)
npm http fetch GET 200 https://registry.npmjs.org/run-parallel 81ms (cache revalidated)
npm http fetch GET 200 https://registry.npmjs.org/@nodelib%2ffs.stat 291ms (cache revalidated)
npm http fetch GET 200 https://registry.npmjs.org/reusify 341ms (cache revalidated)
npm http fetch GET 200 https://registry.npmjs.org/queue-microtask 57ms (cache revalidated)
npm http fetch GET 200 https://registry.npmjs.org/punycode 67ms (cache revalidated)
npm http fetch GET 200 https://registry.npmjs.org/shebang-regex 63ms (cache revalidated)
npm http fetch GET 200 https://registry.npmjs.org/isexe 63ms (cache revalidated)
npm http fetch GET 200 https://registry.npmjs.org/ts-api-utils 299ms (cache revalidated)
npm http fetch GET 200 https://registry.npmjs.org/@typescript-eslint%2ftype-utils 727ms (cache revalidated)
npm http fetch GET 200 https://registry.npmjs.org/@typescript-eslint%2futils 1680ms (cache revalidated)
npm http fetch GET 200 https://registry.npmjs.org/@typescript-eslint%2ftypes 1745ms (cache revalidated)
npm http fetch GET 200 https://registry.npmjs.org/@typescript-eslint%2fscope-manager 3007ms (cache revalidated)
npm http fetch GET 200 https://registry.npmjs.org/@typescript-eslint%2fvisitor-keys 3876ms (cache revalidated)
npm http fetch GET 200 https://registry.npmjs.org/@typescript-eslint%2fvisitor-keys 1210ms (cache revalidated)
npm http fetch GET 200 https://registry.npmjs.org/tinyglobby 963ms (cache revalidated)
npm http fetch GET 200 https://registry.npmjs.org/@typescript-eslint%2ftypescript-estree 2021ms (cache revalidated)
npm http fetch GET 200 https://registry.npmjs.org/get-tsconfig 1669ms (cache revalidated)
npm http fetch GET 200 https://registry.npmjs.org/stable-hash 2057ms (cache revalidated)
npm http fetch GET 200 https://registry.npmjs.org/is-bun-module 1036ms (cache revalidated)
npm http fetch GET 200 https://registry.npmjs.org/unrs-resolver 916ms (cache revalidated)
npm http fetch GET 200 https://registry.npmjs.org/eslint 1202ms (cache revalidated)
npm http fetch GET 200 https://registry.npmjs.org/@typescript-eslint%2ftypes 1019ms (cache revalidated)
npm http fetch GET 200 https://registry.npmjs.org/@nolyfill%2fis-core-module 2164ms (cache revalidated)
npm http fetch GET 200 https://registry.npmjs.org/@typescript-eslint%2futils 1516ms (cache revalidated)
npm http fetch GET 200 https://registry.npmjs.org/@rtsao%2fscc 1789ms (cache revalidated)
npm http fetch GET 200 https://registry.npmjs.org/array-includes 1990ms (cache revalidated)
npm http fetch GET 200 https://registry.npmjs.org/array.prototype.flat 1099ms (cache revalidated)
npm http fetch GET 200 https://registry.npmjs.org/array.prototype.findlastindex 1599ms (cache revalidated)
npm http fetch GET 200 https://registry.npmjs.org/array.prototype.flatmap 733ms (cache revalidated)
npm http fetch GET 200 https://registry.npmjs.org/eslint-import-resolver-node 900ms (cache revalidated)
npm http fetch GET 200 https://registry.npmjs.org/is-core-module 902ms (cache revalidated)
npm http fetch GET 200 https://registry.npmjs.org/eslint-module-utils 918ms (cache revalidated)
npm http fetch GET 200 https://registry.npmjs.org/object.values 1291ms (cache revalidated)
npm http fetch GET 200 https://registry.npmjs.org/object.groupby 1311ms (cache revalidated)
npm http fetch GET 200 https://registry.npmjs.org/object.fromentries 1369ms (cache revalidated)
npm http fetch GET 200 https://registry.npmjs.org/string.prototype.trimend 88ms (cache revalidated)
npm http fetch GET 200 https://registry.npmjs.org/array.prototype.findlast 93ms (cache revalidated)
npm http fetch GET 200 https://registry.npmjs.org/tsconfig-paths 163ms (cache revalidated)
npm http fetch GET 200 https://registry.npmjs.org/jsx-ast-utils 1329ms (cache revalidated)
npm http fetch GET 200 https://registry.npmjs.org/array.prototype.tosorted 1487ms (cache revalidated)
npm http fetch GET 200 https://registry.npmjs.org/es-iterator-helpers 1553ms (cache revalidated)
npm http fetch GET 200 https://registry.npmjs.org/object.entries 347ms (cache revalidated)
npm http fetch GET 200 https://registry.npmjs.org/string.prototype.matchall 601ms (cache revalidated)
npm http fetch GET 200 https://registry.npmjs.org/string.prototype.repeat 717ms (cache revalidated)
npm http fetch GET 200 https://registry.npmjs.org/@typescript-eslint%2ftsconfig-utils 942ms (cache revalidated)
npm http fetch GET 200 https://registry.npmjs.org/@typescript-eslint%2fproject-service 1273ms (cache revalidated)
npm http fetch GET 200 https://registry.npmjs.org/@typescript-eslint%2ftsconfig-utils 985ms (cache revalidated)
npm http fetch GET 200 https://registry.npmjs.org/fdir 1080ms (cache revalidated)
npm http fetch GET 200 https://registry.npmjs.org/napi-postinstall 653ms (cache revalidated)
npm http fetch GET 200 https://registry.npmjs.org/@unrs%2fresolver-binding-darwin-arm64 1068ms (cache revalidated)
npm http fetch GET 200 https://registry.npmjs.org/resolve-pkg-maps 1147ms (cache revalidated)
npm http fetch GET 200 https://registry.npmjs.org/@unrs%2fresolver-binding-android-arm64 1589ms (cache revalidated)
npm http fetch GET 200 https://registry.npmjs.org/@unrs%2fresolver-binding-linux-arm64-gnu 1106ms (cache revalidated)
npm http fetch GET 200 https://registry.npmjs.org/@unrs%2fresolver-binding-win32-arm64-msvc 1755ms (cache revalidated)
npm http fetch GET 200 https://registry.npmjs.org/@unrs%2fresolver-binding-openharmony-arm64 866ms (cache revalidated)
npm http fetch GET 200 https://registry.npmjs.org/@unrs%2fresolver-binding-linux-arm64-musl 1552ms (cache revalidated)
npm http fetch GET 200 https://registry.npmjs.org/@unrs%2fresolver-binding-android-arm-eabi 1083ms (cache revalidated)
npm http fetch GET 200 https://registry.npmjs.org/@unrs%2fresolver-binding-linux-arm-gnueabihf 860ms (cache revalidated)
npm http fetch GET 200 https://registry.npmjs.org/@unrs%2fresolver-binding-win32-ia32-msvc 1194ms (cache revalidated)
npm http fetch GET 200 https://registry.npmjs.org/@unrs%2fresolver-binding-linux-loong64-gnu 1552ms (cache revalidated)
npm http fetch GET 200 https://registry.npmjs.org/@unrs%2fresolver-binding-linux-arm-musleabihf 1644ms (cache revalidated)
npm http fetch GET 200 https://registry.npmjs.org/@unrs%2fresolver-binding-linux-loong64-musl 1200ms (cache revalidated)
npm http fetch GET 200 https://registry.npmjs.org/@unrs%2fresolver-binding-linux-riscv64-gnu 1127ms (cache revalidated)
npm http fetch GET 200 https://registry.npmjs.org/@unrs%2fresolver-binding-linux-ppc64-gnu 1533ms (cache revalidated)
npm http fetch GET 200 https://registry.npmjs.org/@unrs%2fresolver-binding-linux-riscv64-musl 1235ms (cache revalidated)
npm http fetch GET 200 https://registry.npmjs.org/@unrs%2fresolver-binding-darwin-x64 561ms (cache revalidated)
npm http fetch GET 200 https://registry.npmjs.org/@unrs%2fresolver-binding-linux-s390x-gnu 1476ms (cache revalidated)
npm http fetch GET 200 https://registry.npmjs.org/@unrs%2fresolver-binding-wasm32-wasi 1680ms (cache revalidated)
npm http fetch GET 200 https://registry.npmjs.org/@unrs%2fresolver-binding-freebsd-x64 968ms (cache revalidated)
npm http fetch GET 200 https://registry.npmjs.org/@unrs%2fresolver-binding-win32-x64-msvc 1111ms (cache revalidated)
npm http fetch GET 200 https://registry.npmjs.org/@unrs%2fresolver-binding-linux-x64-gnu 698ms (cache revalidated)
npm http fetch GET 200 https://registry.npmjs.org/@unrs%2fresolver-binding-linux-x64-musl 508ms (cache revalidated)
npm http fetch GET 200 https://registry.npmjs.org/@humanfs%2fnode 79ms (cache revalidated)
npm http fetch GET 200 https://registry.npmjs.org/@eslint%2fplugin-kit 61ms (cache revalidated)
npm http fetch GET 200 https://registry.npmjs.org/@eslint%2fconfig-array 59ms (cache revalidated)
npm http fetch GET 200 https://registry.npmjs.org/@humanwhocodes%2fretry 57ms (cache revalidated)
npm http fetch GET 200 https://registry.npmjs.org/@eslint%2fconfig-helpers 58ms (cache revalidated)
npm http fetch GET 200 https://registry.npmjs.org/@types%2festree 357ms (cache revalidated)
npm http fetch GET 200 https://registry.npmjs.org/@eslint%2fcore 1106ms (cache revalidated)
npm http fetch GET 200 https://registry.npmjs.org/call-bound 1187ms (cache revalidated)
npm http fetch GET 200 https://registry.npmjs.org/call-bind 1190ms (cache revalidated)
npm http fetch GET 200 https://registry.npmjs.org/define-properties 1198ms (cache revalidated)
npm http fetch GET 200 https://registry.npmjs.org/es-abstract 1535ms (cache revalidated)
npm http fetch GET 200 https://registry.npmjs.org/es-object-atoms 1537ms (cache revalidated)
npm http fetch GET 200 https://registry.npmjs.org/get-intrinsic 1536ms (cache revalidated)
npm http fetch GET 200 https://registry.npmjs.org/math-intrinsics 1716ms (cache revalidated)
npm http fetch GET 200 https://registry.npmjs.org/is-string 1723ms (cache revalidated)
npm http fetch GET 200 https://registry.npmjs.org/es-errors 1781ms (cache revalidated)
npm http fetch GET 200 https://registry.npmjs.org/es-shim-unscopables 1359ms (cache revalidated)
npm http fetch GET 200 https://registry.npmjs.org/es-shim-unscopables 1602ms (cache revalidated)
npm http fetch GET 200 https://registry.npmjs.org/es-shim-unscopables 2347ms (cache revalidated)
npm http fetch GET 200 https://registry.npmjs.org/minimist 1281ms (cache revalidated)
npm http fetch GET 200 https://registry.npmjs.org/function-bind 1752ms (cache revalidated)
npm http fetch GET 200 https://registry.npmjs.org/strip-bom 1435ms (cache revalidated)
npm http fetch GET 200 https://registry.npmjs.org/@types%2fjson5 1248ms (cache revalidated)
npm http fetch GET 200 https://registry.npmjs.org/set-function-length 2150ms (cache revalidated)
npm http fetch GET 200 https://registry.npmjs.org/call-bind-apply-helpers 2155ms (cache revalidated)
npm http fetch GET 200 https://registry.npmjs.org/es-define-property 2164ms (cache revalidated)
npm http fetch GET 200 https://registry.npmjs.org/call-bind-apply-helpers 1339ms (cache revalidated)
npm http fetch GET 200 https://registry.npmjs.org/define-data-property 1369ms (cache revalidated)
npm http fetch GET 200 https://registry.npmjs.org/has-property-descriptors 1380ms (cache revalidated)
npm http fetch GET 200 https://registry.npmjs.org/object-keys 72ms (cache revalidated)
npm http fetch GET 200 https://registry.npmjs.org/array-buffer-byte-length 63ms (cache revalidated)
npm http fetch GET 200 https://registry.npmjs.org/arraybuffer.prototype.slice 70ms (cache revalidated)
npm http fetch GET 200 https://registry.npmjs.org/available-typed-arrays 73ms (cache revalidated)
npm http fetch GET 200 https://registry.npmjs.org/data-view-buffer 65ms (cache revalidated)
npm http fetch GET 200 https://registry.npmjs.org/data-view-byte-length 77ms (cache revalidated)
npm http fetch GET 200 https://registry.npmjs.org/data-view-byte-offset 94ms (cache revalidated)
npm http fetch GET 200 https://registry.npmjs.org/es-to-primitive 83ms (cache revalidated)
npm http fetch GET 200 https://registry.npmjs.org/function.prototype.name 84ms (cache revalidated)
npm http fetch GET 200 https://registry.npmjs.org/get-symbol-description 73ms (cache revalidated)
npm http fetch GET 200 https://registry.npmjs.org/globalthis 53ms (cache revalidated)
npm http fetch GET 200 https://registry.npmjs.org/gopd 50ms (cache revalidated)
npm http fetch GET 200 https://registry.npmjs.org/has-symbols 132ms (cache revalidated)
npm http fetch GET 200 https://registry.npmjs.org/get-proto 317ms (cache revalidated)
npm http fetch GET 200 https://registry.npmjs.org/is-array-buffer 46ms (cache revalidated)
npm http fetch GET 200 https://registry.npmjs.org/is-callable 48ms (cache revalidated)
npm http fetch GET 200 https://registry.npmjs.org/is-data-view 38ms (cache revalidated)
npm http fetch GET 200 https://registry.npmjs.org/has-proto 400ms (cache revalidated)
npm http fetch GET 200 https://registry.npmjs.org/is-negative-zero 49ms (cache revalidated)
npm http fetch GET 200 https://registry.npmjs.org/is-regex 60ms (cache revalidated)
npm http fetch GET 200 https://registry.npmjs.org/is-set 61ms (cache revalidated)
npm http fetch GET 200 https://registry.npmjs.org/internal-slot 320ms (cache revalidated)
npm http fetch GET 200 https://registry.npmjs.org/is-shared-array-buffer 135ms (cache revalidated)
npm http fetch GET 200 https://registry.npmjs.org/is-typed-array 706ms (cache revalidated)
npm http fetch GET 200 https://registry.npmjs.org/is-weakref 1012ms (cache revalidated)
npm http fetch GET 200 https://registry.npmjs.org/object-inspect 1063ms (cache revalidated)
npm http fetch GET 200 https://registry.npmjs.org/own-keys 378ms (cache revalidated)
npm http fetch GET 200 https://registry.npmjs.org/object.assign 699ms (cache revalidated)
npm http fetch GET 200 https://registry.npmjs.org/regexp.prototype.flags 368ms (cache revalidated)
npm http fetch GET 200 https://registry.npmjs.org/safe-array-concat 1484ms (cache revalidated)
npm http fetch GET 200 https://registry.npmjs.org/safe-push-apply 1484ms (cache revalidated)
npm http fetch GET 200 https://registry.npmjs.org/safe-regex-test 1664ms (cache revalidated)
npm http fetch GET 200 https://registry.npmjs.org/set-proto 1266ms (cache revalidated)
npm http fetch GET 200 https://registry.npmjs.org/stop-iteration-iterator 1261ms (cache revalidated)
npm http fetch GET 200 https://registry.npmjs.org/string.prototype.trim 849ms (cache revalidated)
npm http fetch GET 200 https://registry.npmjs.org/string.prototype.trimstart 65ms (cache revalidated)
npm http fetch GET 200 https://registry.npmjs.org/typed-array-buffer 66ms (cache revalidated)
npm http fetch GET 200 https://registry.npmjs.org/typed-array-byte-length 76ms (cache revalidated)
npm http fetch GET 200 https://registry.npmjs.org/typed-array-length 74ms (cache revalidated)
npm http fetch GET 200 https://registry.npmjs.org/typed-array-byte-offset 82ms (cache revalidated)
npm http fetch GET 200 https://registry.npmjs.org/unbox-primitive 69ms (cache revalidated)
npm http fetch GET 200 https://registry.npmjs.org/which-typed-array 61ms (cache revalidated)
npm http fetch GET 200 https://registry.npmjs.org/has-tostringtag 57ms (cache revalidated)
npm http fetch GET 200 https://registry.npmjs.org/is-date-object 64ms (cache revalidated)
npm http fetch GET 200 https://registry.npmjs.org/is-symbol 75ms (cache revalidated)
npm http fetch GET 200 https://registry.npmjs.org/possible-typed-array-names 86ms (cache revalidated)
npm http fetch GET 200 https://registry.npmjs.org/es-abstract-get 71ms (cache revalidated)
npm http fetch GET 200 https://registry.npmjs.org/functions-have-names 71ms (cache revalidated)
npm http fetch GET 200 https://registry.npmjs.org/dunder-proto 49ms (cache revalidated)
npm http fetch GET 200 https://registry.npmjs.org/dunder-proto 42ms (cache revalidated)
npm http fetch GET 200 https://registry.npmjs.org/side-channel 317ms (cache revalidated)
npm http fetch GET 200 https://registry.npmjs.org/set-function-name 337ms (cache revalidated)
npm http fetch GET 200 https://registry.npmjs.org/is-document.all 472ms (cache revalidated)
npm http fetch GET 200 https://registry.npmjs.org/isarray 705ms (cache revalidated)
npm http fetch GET 200 https://registry.npmjs.org/for-each 860ms (cache revalidated)
npm http fetch GET 200 https://registry.npmjs.org/isarray 953ms (cache revalidated)
npm http fetch GET 200 https://registry.npmjs.org/for-each 467ms (cache revalidated)
npm http fetch GET 200 https://registry.npmjs.org/reflect.getprototypeof 279ms (cache revalidated)
npm http fetch GET 200 https://registry.npmjs.org/reflect.getprototypeof 193ms (cache revalidated)
npm http fetch GET 200 https://registry.npmjs.org/has-bigints 716ms (cache revalidated)
npm http fetch GET 200 https://registry.npmjs.org/which-boxed-primitive 792ms (cache revalidated)
npm http fetch GET 200 https://registry.npmjs.org/path-parse 653ms (cache revalidated)
npm http fetch GET 200 https://registry.npmjs.org/supports-preserve-symlinks-flag 851ms (cache revalidated)
npm http fetch GET 200 https://registry.npmjs.org/node-exports-info 1275ms (cache revalidated)
npm http fetch GET 200 https://registry.npmjs.org/iterator.prototype 769ms (cache revalidated)
npm http fetch GET 200 https://registry.npmjs.org/object-assign 905ms (cache revalidated)
npm http fetch GET 200 https://registry.npmjs.org/stack-utils 57ms (cache revalidated)
npm http fetch GET 200 https://registry.npmjs.org/@types%2fstack-utils 69ms (cache revalidated)
npm http fetch GET 200 https://registry.npmjs.org/tar 170ms (cache revalidated)
npm http fetch GET 200 https://registry.npmjs.org/ora 584ms (cache revalidated)
npm http fetch GET 200 https://registry.npmjs.org/open 584ms (cache revalidated)
npm http fetch GET 200 https://registry.npmjs.org/send 527ms (cache revalidated)
npm http fetch GET 200 https://registry.npmjs.org/tempy 1130ms (cache revalidated)
npm http fetch GET 200 https://registry.npmjs.org/getenv 1266ms (cache revalidated)
npm http fetch GET 200 https://registry.npmjs.org/is-wsl 1147ms (cache revalidated)
npm http fetch GET 200 https://registry.npmjs.org/md5hex 1232ms (cache revalidated)
npm http fetch GET 200 https://registry.npmjs.org/accepts 1555ms (cache revalidated)
npm http fetch GET 200 https://registry.npmjs.org/cacache 1667ms (cache revalidated)
npm http fetch GET 200 https://registry.npmjs.org/connect 1368ms (cache revalidated)
npm http fetch GET 200 https://registry.npmjs.org/prompts 1317ms (cache revalidated)
npm http fetch GET 200 https://registry.npmjs.org/graphql 1582ms (cache revalidated)
npm http fetch GET 200 https://registry.npmjs.org/slugify 1534ms (cache revalidated)
npm http fetch GET 200 https://registry.npmjs.org/progress 1523ms (cache revalidated)
npm http fetch GET 200 https://registry.npmjs.org/fs-extra 1556ms (cache revalidated)
npm http fetch GET 200 https://registry.npmjs.org/requireg 1426ms (cache revalidated)
npm http fetch GET 200 https://registry.npmjs.org/temp-dir 788ms (cache revalidated)
npm http fetch GET 200 https://registry.npmjs.org/url-join 800ms (cache revalidated)
npm http fetch GET 200 https://registry.npmjs.org/wrap-ansi 373ms (cache revalidated)
npm http fetch GET 200 https://registry.npmjs.org/is-docker 409ms (cache revalidated)
npm http fetch GET 200 https://registry.npmjs.org/@expo%2fenv 1212ms (cache revalidated)
npm http fetch GET 200 https://registry.npmjs.org/better-opn 1165ms (cache revalidated)
npm http fetch GET 200 https://registry.npmjs.org/env-editor 1123ms (cache revalidated)
npm http fetch GET 200 https://registry.npmjs.org/@urql%2fcore 1952ms (cache revalidated)
npm http fetch GET 200 https://registry.npmjs.org/node-fetch 1105ms (cache revalidated)
npm http fetch GET 200 https://registry.npmjs.org/node-forge 901ms (cache revalidated)
npm http fetch GET 200 https://registry.npmjs.org/@expo%2fplist 1991ms (cache revalidated)
npm http fetch GET 200 https://registry.npmjs.org/graphql-tag 1458ms (cache revalidated)
npm http fetch GET 200 https://registry.npmjs.org/internal-ip 1180ms (cache revalidated)
npm http fetch GET 200 https://registry.npmjs.org/pretty-bytes 129ms (cache revalidated)
npm http fetch GET 200 https://registry.npmjs.org/terminal-link 51ms (cache revalidated)
npm http fetch GET 200 https://registry.npmjs.org/bplist-parser 339ms (cache revalidated)
npm http fetch GET 200 https://registry.npmjs.org/bplist-creator 315ms (cache revalidated)
npm http fetch GET 200 https://registry.npmjs.org/@expo%2fdevcert 834ms (cache revalidated)
npm http fetch GET 200 https://registry.npmjs.org/@expo%2fxcpretty 757ms (cache revalidated)
npm http fetch GET 200 https://registry.npmjs.org/freeport-async 538ms (cache revalidated)
npm http fetch GET 200 https://registry.npmjs.org/npm-package-arg 863ms (cache revalidated)
npm http fetch GET 200 https://registry.npmjs.org/@expo%2fosascript 1104ms (cache revalidated)
npm http fetch GET 200 https://registry.npmjs.org/resolve.exports 953ms (cache revalidated)
npm http fetch GET 200 https://registry.npmjs.org/qrcode-terminal 1560ms (cache revalidated)
npm http fetch GET 200 https://registry.npmjs.org/@expo%2fimage-utils 1874ms (cache revalidated)
npm http fetch GET 200 https://registry.npmjs.org/source-map-support 1084ms (cache revalidated)
npm http fetch GET 200 https://registry.npmjs.org/structured-headers 1886ms (cache revalidated)
npm http fetch GET 200 https://registry.npmjs.org/require-from-string 1754ms (cache revalidated)
npm http fetch GET 200 https://registry.npmjs.org/@urql%2fexchange-retry 2344ms (cache revalidated)
npm http fetch GET 200 https://registry.npmjs.org/@expo%2fpackage-manager 2234ms (cache revalidated)
npm http fetch GET 200 https://registry.npmjs.org/@expo%2frudder-sdk-node 2108ms (cache revalidated)
npm http fetch GET 200 https://registry.npmjs.org/json-schema-deref-sync 1458ms (cache revalidated)
npm http fetch GET 200 https://registry.npmjs.org/find-yarn-workspace-root 1849ms (cache revalidated)
npm http fetch GET 200 https://registry.npmjs.org/@react-native%2fdev-middleware 2375ms (cache revalidated)
npm http fetch GET 200 https://registry.npmjs.org/@expo%2fconfig-types 2670ms (cache revalidated)
npm http fetch GET 200 https://registry.npmjs.org/xcode 2086ms (cache revalidated)
npm http fetch GET 200 https://registry.npmjs.org/xml2js 1626ms (cache revalidated)
npm http fetch GET 200 https://registry.npmjs.org/@expo%2fsdk-runtime-versions 2226ms (cache revalidated)
npm http fetch GET 200 https://registry.npmjs.org/jsc-safe-url 1750ms (cache revalidated)
npm http fetch GET 200 https://registry.npmjs.org/lightningcss 1795ms (cache revalidated)
npm http fetch GET 200 https://registry.npmjs.org/react-refresh 1063ms (cache revalidated)
npm http fetch GET 200 https://registry.npmjs.org/@babel%2fpreset-react 1065ms (cache revalidated)
npm http fetch GET 200 https://registry.npmjs.org/babel-plugin-react-compiler 413ms (cache revalidated)
npm http fetch GET 200 https://registry.npmjs.org/babel-plugin-react-native-web 390ms (cache revalidated)
npm http fetch GET 200 https://registry.npmjs.org/@react-native%2fbabel-preset 1632ms (cache revalidated)
npm http fetch GET 200 https://registry.npmjs.org/@babel%2fplugin-proposal-decorators 914ms (cache revalidated)
npm http fetch GET 200 https://registry.npmjs.org/@babel%2fplugin-transform-parameters 983ms (cache revalidated)
npm http fetch GET 200 https://registry.npmjs.org/@babel%2fplugin-transform-object-rest-spread 965ms (cache revalidated)
npm http fetch GET 200 https://registry.npmjs.org/md5-file 874ms (cache revalidated)
npm http fetch GET 200 https://registry.npmjs.org/@babel%2fplugin-transform-export-namespace-from 963ms (cache revalidated)
npm http fetch GET 200 https://registry.npmjs.org/fbjs 66ms (cache revalidated)
npm http fetch GET 200 https://registry.npmjs.org/commander 399ms (cache revalidated)
npm http fetch GET 200 https://registry.npmjs.org/expo-constants 426ms (cache revalidated)
npm http fetch GET 200 https://registry.npmjs.org/buffer 358ms (cache revalidated)
npm http fetch GET 200 https://registry.npmjs.org/webidl-conversions 386ms (cache revalidated)
npm http fetch GET 200 https://registry.npmjs.org/dotenv-expand 372ms (cache revalidated)
npm http fetch GET 200 https://registry.npmjs.org/dotenv 798ms (cache revalidated)
npm http fetch GET 200 https://registry.npmjs.org/parse-png 1051ms (cache revalidated)
npm http fetch GET 200 https://registry.npmjs.org/@expo%2fsudo-prompt 1522ms (cache revalidated)
npm http fetch GET 200 https://registry.npmjs.org/jimp-compact 849ms (cache revalidated)
npm http fetch GET 200 https://registry.npmjs.org/resolve-workspace-root 320ms (cache revalidated)
npm http fetch GET 200 https://registry.npmjs.org/uuid 56ms (cache revalidated)
npm http fetch GET 200 https://registry.npmjs.org/md5 517ms (cache revalidated)
npm http fetch GET 200 https://registry.npmjs.org/fetch-retry 621ms (cache revalidated)
npm http fetch GET 200 https://registry.npmjs.org/@react-native%2fnormalize-colors 1155ms (cache revalidated)
npm http fetch GET 200 https://registry.npmjs.org/remove-trailing-slash 1364ms (cache revalidated)
npm http fetch GET 200 https://registry.npmjs.org/@expo%2fbunyan 2046ms (cache revalidated)
npm http fetch GET 200 https://registry.npmjs.org/@segment%2floosely-validate-event 1812ms (cache revalidated)
npm http fetch GET 200 https://registry.npmjs.org/selfsigned 1058ms (cache revalidated)
npm http fetch GET 200 https://registry.npmjs.org/serve-static 852ms (cache revalidated)
npm http fetch GET 200 https://registry.npmjs.org/chrome-launcher 1403ms (cache revalidated)
npm http fetch GET 200 https://registry.npmjs.org/@react-native%2fdebugger-frontend 1576ms (cache revalidated)
npm http fetch GET 200 https://registry.npmjs.org/@isaacs%2fttlcache 2054ms (cache revalidated)
npm http fetch GET 200 https://registry.npmjs.org/@rnx-kit%2fchromium-edge-launcher 1500ms (cache revalidated)
npm http fetch GET 200 https://registry.npmjs.org/wonka 1370ms (cache revalidated)
npm http fetch GET 200 https://registry.npmjs.org/wonka 583ms (cache revalidated)
npm http fetch GET 200 https://registry.npmjs.org/negotiator 77ms (cache revalidated)
npm http fetch GET 200 https://registry.npmjs.org/stream-buffers 323ms (cache revalidated)
npm http fetch GET 200 https://registry.npmjs.org/big-integer 330ms (cache revalidated)
npm http fetch GET 200 https://registry.npmjs.org/ssri 70ms (cache revalidated)
npm http fetch GET 200 https://registry.npmjs.org/@graphql-typed-document-node%2fcore 1625ms (cache revalidated)
npm http fetch GET 200 https://registry.npmjs.org/p-map 77ms (cache revalidated)
npm http fetch GET 200 https://registry.npmjs.org/minipass 643ms (cache revalidated)
npm http fetch GET 200 https://registry.npmjs.org/@npmcli%2ffs 1332ms (cache revalidated)
npm http fetch GET 200 https://registry.npmjs.org/fs-minipass 1299ms (cache revalidated)
npm http fetch GET 200 https://registry.npmjs.org/minipass-flush 838ms (cache revalidated)
npm http fetch GET 200 https://registry.npmjs.org/minipass-collect 402ms (cache revalidated)
npm http fetch GET 200 https://registry.npmjs.org/minipass-pipeline 322ms (cache revalidated)
npm http fetch GET 200 https://registry.npmjs.org/unique-filename 443ms (cache revalidated)
npm http fetch GET 200 https://registry.npmjs.org/finalhandler 67ms (cache revalidated)
npm http fetch GET 200 https://registry.npmjs.org/parseurl 61ms (cache revalidated)
npm http fetch GET 200 https://registry.npmjs.org/utils-merge 57ms (cache revalidated)
npm http fetch GET 200 https://registry.npmjs.org/merge2 61ms (cache revalidated)
npm http fetch GET 200 https://registry.npmjs.org/jsonfile 73ms (cache revalidated)
npm http fetch GET 200 https://registry.npmjs.org/once 52ms (cache revalidated)
npm http fetch GET 200 https://registry.npmjs.org/inflight 44ms (cache revalidated)
npm http fetch GET 200 https://registry.npmjs.org/inherits 49ms (cache revalidated)
npm http fetch GET 200 https://registry.npmjs.org/fs.realpath 47ms (cache revalidated)
npm http fetch GET 200 https://registry.npmjs.org/ipaddr.js 53ms (cache revalidated)
npm http fetch GET 200 https://registry.npmjs.org/default-gateway 53ms (cache revalidated)
npm http fetch GET 200 https://registry.npmjs.org/clone 46ms (cache revalidated)
npm http fetch GET 200 https://registry.npmjs.org/universalify 334ms (cache revalidated)
npm http fetch GET 200 https://registry.npmjs.org/path-is-absolute 337ms (cache revalidated)
npm http fetch GET 200 https://registry.npmjs.org/dag-map 326ms (cache revalidated)
npm http fetch GET 200 https://registry.npmjs.org/is-valid-path 327ms (cache revalidated)
npm http fetch GET 200 https://registry.npmjs.org/memory-cache 321ms (cache revalidated)
npm http fetch GET 200 https://registry.npmjs.org/whatwg-url 58ms (cache revalidated)
npm http fetch GET 200 https://registry.npmjs.org/traverse 572ms (cache revalidated)
npm http fetch GET 200 https://registry.npmjs.org/valid-url 568ms (cache revalidated)
npm http fetch GET 200 https://registry.npmjs.org/osenv 998ms (cache revalidated)
npm http fetch GET 200 https://registry.npmjs.org/validate-npm-package-name 1073ms (cache revalidated)
npm http fetch GET 200 https://registry.npmjs.org/hosted-git-info 1098ms (cache revalidated)
npm http fetch GET 200 https://registry.npmjs.org/define-lazy-prop 457ms (cache revalidated)
npm http fetch GET 200 https://registry.npmjs.org/wcwidth 305ms (cache revalidated)
npm http fetch GET 200 https://registry.npmjs.org/log-symbols 280ms (cache revalidated)
npm http fetch GET 200 https://registry.npmjs.org/cli-cursor 811ms (cache revalidated)
npm http fetch GET 200 https://registry.npmjs.org/cli-spinners 979ms (cache revalidated)
npm http fetch GET 200 https://registry.npmjs.org/kleur 975ms (cache revalidated)
npm http fetch GET 200 https://registry.npmjs.org/rc 234ms (cache revalidated)
npm http fetch GET 200 https://registry.npmjs.org/sisteransi 697ms (cache revalidated)
npm http fetch GET 200 https://registry.npmjs.org/nested-error-stacks 497ms (cache revalidated)
npm http fetch GET 200 https://registry.npmjs.org/mime 59ms (cache revalidated)
npm http fetch GET 200 https://registry.npmjs.org/depd 325ms (cache revalidated)
npm http fetch GET 200 https://registry.npmjs.org/etag 335ms (cache revalidated)
npm http fetch GET 200 https://registry.npmjs.org/destroy 67ms (cache revalidated)
npm http fetch GET 200 https://registry.npmjs.org/statuses 60ms (cache revalidated)
npm http fetch GET 200 https://registry.npmjs.org/encodeurl 51ms (cache revalidated)
npm http fetch GET 200 https://registry.npmjs.org/escape-html 56ms (cache revalidated)
npm http fetch GET 200 https://registry.npmjs.org/on-finished 45ms (cache revalidated)
npm http fetch GET 200 https://registry.npmjs.org/range-parser 48ms (cache revalidated)
npm http fetch GET 200 https://registry.npmjs.org/buffer-from 44ms (cache revalidated)
npm http fetch GET 200 https://registry.npmjs.org/fresh 321ms (cache revalidated)
npm http fetch GET 200 https://registry.npmjs.org/source-map 61ms (cache revalidated)
npm http fetch GET 200 https://registry.npmjs.org/minizlib 53ms (cache revalidated)
npm http fetch GET 200 https://registry.npmjs.org/http-errors 322ms (cache revalidated)
npm http fetch GET 200 https://registry.npmjs.org/del 55ms (cache revalidated)
npm http fetch GET 200 https://registry.npmjs.org/is-stream 50ms (cache revalidated)
npm http fetch GET 200 https://registry.npmjs.org/unique-string 51ms (cache revalidated)
npm http fetch GET 200 https://registry.npmjs.org/ansi-escapes 62ms (cache revalidated)
npm http fetch GET 200 https://registry.npmjs.org/supports-hyperlinks 60ms (cache revalidated)
npm http fetch GET 200 https://registry.npmjs.org/string-width 49ms (cache revalidated)
npm http fetch GET 200 https://registry.npmjs.org/chownr 894ms (cache revalidated)
npm http fetch GET 200 https://registry.npmjs.org/lines-and-columns 546ms (cache revalidated)
npm http fetch GET 200 https://registry.npmjs.org/mz 636ms (cache revalidated)
npm http fetch GET 200 https://registry.npmjs.org/ts-interface-checker 219ms (cache revalidated)
npm http fetch GET 200 https://registry.npmjs.org/@babel%2fhighlight 878ms (cache revalidated)
npm http fetch GET 200 https://registry.npmjs.org/simple-plist 705ms (cache revalidated)
npm http fetch GET 200 https://registry.npmjs.org/sax 719ms (cache revalidated)
npm http fetch GET 200 https://registry.npmjs.org/at-least-node 413ms (cache revalidated)
npm http fetch GET 200 https://registry.npmjs.org/pngjs 422ms (cache revalidated)
npm http fetch GET 200 https://registry.npmjs.org/lightningcss-darwin-x64 687ms (cache revalidated)
npm http fetch GET 200 https://registry.npmjs.org/detect-libc 724ms (cache revalidated)
npm http fetch GET 200 https://registry.npmjs.org/lightningcss-darwin-arm64 1032ms (cache revalidated)
npm http fetch GET 200 https://registry.npmjs.org/lightningcss-linux-x64-gnu 351ms (cache revalidated)
npm http fetch GET 200 https://registry.npmjs.org/lightningcss-linux-x64-musl 369ms (cache revalidated)
npm http fetch GET 200 https://registry.npmjs.org/lightningcss-win32-x64-msvc 86ms (cache revalidated)
npm http fetch GET 200 https://registry.npmjs.org/lightningcss-linux-arm64-gnu 80ms (cache revalidated)
npm http fetch GET 200 https://registry.npmjs.org/lightningcss-linux-arm64-musl 76ms (cache revalidated)
npm http fetch GET 200 https://registry.npmjs.org/lightningcss-linux-arm-gnueabihf 82ms (cache revalidated)
npm http fetch GET 200 https://registry.npmjs.org/source-map-js 110ms (cache revalidated)
npm http fetch GET 200 https://registry.npmjs.org/proc-log 326ms (cache revalidated)
npm http fetch GET 200 https://registry.npmjs.org/component-type 713ms (cache revalidated)
npm http fetch GET 200 https://registry.npmjs.org/crypt 746ms (cache revalidated)
npm http fetch GET 200 https://registry.npmjs.org/join-component 778ms (cache revalidated)
npm http fetch GET 200 https://registry.npmjs.org/charenc 679ms (cache revalidated)
npm http fetch GET 200 https://registry.npmjs.org/is-buffer 698ms (cache revalidated)
npm http fetch GET 200 https://registry.npmjs.org/@types%2fnode 680ms (cache revalidated)
npm http fetch GET 200 https://registry.npmjs.org/lighthouse-logger 869ms (cache revalidated)
npm http fetch GET 200 https://registry.npmjs.org/rimraf 882ms (cache revalidated)
npm http fetch GET 200 https://registry.npmjs.org/lighthouse-logger 91ms (cache revalidated)
npm http fetch GET 200 https://registry.npmjs.org/async-limiter 56ms (cache revalidated)
npm http fetch GET 200 https://registry.npmjs.org/@types%2fnode-forge 86ms (cache revalidated)
npm http fetch GET 200 https://registry.npmjs.org/marky 387ms (cache revalidated)
npm http fetch GET 200 https://registry.npmjs.org/mime-db 198ms (cache revalidated)
npm http fetch GET 200 https://registry.npmjs.org/@babel%2fplugin-transform-destructuring 343ms (cache revalidated)
npm http fetch GET 200 https://registry.npmjs.org/@babel%2fhelper-create-class-features-plugin 731ms (cache revalidated)
npm http fetch GET 200 https://registry.npmjs.org/@babel%2fplugin-syntax-decorators 741ms (cache revalidated)
npm http fetch GET 200 https://registry.npmjs.org/@babel%2fplugin-transform-react-jsx 599ms (cache revalidated)
npm http fetch GET 200 https://registry.npmjs.org/@babel%2fplugin-transform-react-display-name 878ms (cache revalidated)
npm http fetch GET 200 https://registry.npmjs.org/@babel%2fplugin-transform-react-jsx-development 881ms (cache revalidated)
npm http fetch GET 200 https://registry.npmjs.org/@babel%2fplugin-transform-react-pure-annotations 679ms (cache revalidated)
npm http fetch GET 200 https://registry.npmjs.org/@babel%2fplugin-syntax-jsx 648ms (cache revalidated)
npm http fetch GET 200 https://registry.npmjs.org/@babel%2fplugin-transform-typescript 929ms (cache revalidated)
npm http fetch GET 200 https://registry.npmjs.org/@babel%2fplugin-transform-modules-commonjs 937ms (cache revalidated)
npm http fetch GET 200 https://registry.npmjs.org/@babel%2fplugin-syntax-flow 581ms (cache revalidated)
npm http fetch GET 200 https://registry.npmjs.org/@babel%2fplugin-transform-classes 301ms (cache revalidated)
npm http fetch GET 200 https://registry.npmjs.org/@babel%2fplugin-transform-runtime 97ms (cache revalidated)
npm http fetch GET 200 https://registry.npmjs.org/@babel%2fplugin-transform-literals 336ms (cache revalidated)
npm http fetch GET 200 https://registry.npmjs.org/babel-plugin-transform-flow-enums 319ms (cache revalidated)
npm http fetch GET 200 https://registry.npmjs.org/@babel%2fplugin-syntax-dynamic-import 48ms (cache revalidated)
npm http fetch GET 200 https://registry.npmjs.org/@babel%2fplugin-transform-sticky-regex 199ms (cache revalidated)
npm http fetch GET 200 https://registry.npmjs.org/@babel%2fplugin-transform-spread 980ms (cache revalidated)
npm http fetch GET 200 https://registry.npmjs.org/@react-native%2fbabel-plugin-codegen 746ms (cache revalidated)
npm http fetch GET 200 https://registry.npmjs.org/@babel%2fplugin-transform-function-name 728ms (cache revalidated)
npm http fetch GET 200 https://registry.npmjs.org/@babel%2fplugin-transform-block-scoping 753ms (cache revalidated)
npm http fetch GET 200 https://registry.npmjs.org/@babel%2fplugin-transform-unicode-regex 715ms (cache revalidated)
npm http fetch GET 200 https://registry.npmjs.org/@babel%2fplugin-transform-react-jsx-self 485ms (cache revalidated)
npm http fetch GET 200 https://registry.npmjs.org/@babel%2fplugin-proposal-class-properties 798ms (cache revalidated)
npm http fetch GET 200 https://registry.npmjs.org/@babel%2fplugin-proposal-optional-chaining 348ms (cache revalidated)
npm http fetch GET 200 https://registry.npmjs.org/@babel%2fplugin-transform-private-methods 1178ms (cache revalidated)
npm http fetch GET 200 https://registry.npmjs.org/@babel%2fplugin-proposal-numeric-separator 1175ms (cache revalidated)
npm http fetch GET 200 https://registry.npmjs.org/@babel%2fplugin-syntax-export-default-from 976ms (cache revalidated)
npm http fetch GET 200 https://registry.npmjs.org/@babel%2fplugin-transform-react-jsx-source 484ms (cache revalidated)
npm http fetch GET 200 https://registry.npmjs.org/@babel%2fplugin-transform-flow-strip-types 886ms (cache revalidated)
npm http fetch GET 200 https://registry.npmjs.org/@babel%2fplugin-proposal-object-rest-spread 603ms (cache revalidated)
npm http fetch GET 200 https://registry.npmjs.org/@babel%2fplugin-proposal-export-default-from 602ms (cache revalidated)
npm http fetch GET 200 https://registry.npmjs.org/@babel%2fplugin-transform-computed-properties 79ms (cache revalidated)
npm http fetch GET 200 https://registry.npmjs.org/@babel%2fplugin-transform-async-to-generator 327ms (cache revalidated)
npm http fetch GET 200 https://registry.npmjs.org/@babel%2fplugin-proposal-async-generator-functions 333ms (cache revalidated)
npm http fetch GET 200 https://registry.npmjs.org/@babel%2fplugin-proposal-nullish-coalescing-operator 536ms (cache revalidated)
npm http fetch GET 200 https://registry.npmjs.org/@babel%2fplugin-proposal-optional-catch-binding 848ms (cache revalidated)
npm http fetch GET 200 https://registry.npmjs.org/@babel%2fplugin-transform-private-property-in-object 605ms (cache revalidated)
npm http fetch GET 200 https://registry.npmjs.org/zod-validation-error 286ms (cache revalidated)
npm http fetch GET 200 https://registry.npmjs.org/@babel%2fplugin-transform-named-capturing-groups-regex 648ms (cache revalidated)
npm http fetch GET 200 https://registry.npmjs.org/@babel%2fplugin-proposal-logical-assignment-operators 1027ms (cache revalidated)
npm http fetch GET 200 https://registry.npmjs.org/@babel%2fhelper-replace-supers 395ms (cache revalidated)
npm http fetch GET 200 https://registry.npmjs.org/@babel%2fhelper-optimise-call-expression 526ms (cache revalidated)
npm http fetch GET 200 https://registry.npmjs.org/@babel%2fhelper-skip-transparent-expression-wrappers 57ms (cache revalidated)
npm http fetch GET 200 https://registry.npmjs.org/@babel%2fhelper-annotate-as-pure 608ms (cache revalidated)
npm http fetch GET 200 https://registry.npmjs.org/@babel%2fhelper-member-expression-to-functions 375ms (cache revalidated)
npm http fetch GET 200 https://registry.npmjs.org/@babel%2fplugin-syntax-typescript 580ms (cache revalidated)
npm http fetch GET 200 https://registry.npmjs.org/@babel%2fhelper-remap-async-to-generator 811ms (cache revalidated)
npm http fetch GET 200 https://registry.npmjs.org/@babel%2fhelper-remap-async-to-generator 819ms (cache revalidated)
npm http fetch GET 200 https://registry.npmjs.org/@babel%2fhelper-environment-visitor 851ms (cache revalidated)
npm http fetch GET 200 https://registry.npmjs.org/babel-plugin-polyfill-corejs2 559ms (cache revalidated)
npm http fetch GET 200 https://registry.npmjs.org/babel-plugin-polyfill-corejs3 546ms (cache revalidated)
npm http fetch GET 200 https://registry.npmjs.org/@babel%2fhelper-create-regexp-features-plugin 763ms (cache revalidated)
npm http fetch GET 200 https://registry.npmjs.org/@babel%2fhelper-create-regexp-features-plugin 200ms (cache revalidated)
npm http fetch GET 200 https://registry.npmjs.org/babel-plugin-polyfill-regenerator 226ms (cache revalidated)
npm http fetch GET 200 https://registry.npmjs.org/@react-native%2fcodegen 1107ms (cache revalidated)
npm http fetch GET 200 https://registry.npmjs.org/@babel%2fhelper-wrap-function 564ms (cache revalidated)
npm http fetch GET 200 https://registry.npmjs.org/regexpu-core 581ms (cache revalidated)
npm http fetch GET 200 https://registry.npmjs.org/regjsgen 670ms (cache revalidated)
npm http fetch GET 200 https://registry.npmjs.org/regenerate 690ms (cache revalidated)
npm http fetch GET 200 https://registry.npmjs.org/regjsparser 64ms (cache revalidated)
npm http fetch GET 200 https://registry.npmjs.org/regenerate-unicode-properties 760ms (cache revalidated)
npm http fetch GET 200 https://registry.npmjs.org/unicode-match-property-value-ecmascript 52ms (cache revalidated)
npm http fetch GET 200 https://registry.npmjs.org/unicode-match-property-ecmascript 307ms (cache revalidated)
npm http fetch GET 200 https://registry.npmjs.org/core-js-compat 86ms (cache revalidated)
npm http fetch GET 200 https://registry.npmjs.org/@babel%2fhelper-define-polyfill-provider 332ms (cache revalidated)
npm http fetch GET 200 https://registry.npmjs.org/@babel%2fhelper-define-polyfill-provider 340ms (cache revalidated)
npm http fetch GET 200 https://registry.npmjs.org/@babel%2fhelper-define-polyfill-provider 249ms (cache revalidated)
npm http fetch GET 200 https://registry.npmjs.org/hermes-parser 59ms (cache revalidated)
npm http fetch GET 200 https://registry.npmjs.org/jscodeshift 319ms (cache revalidated)
npm http fetch GET 200 https://registry.npmjs.org/hermes-estree 269ms (cache revalidated)
npm http fetch GET 200 https://registry.npmjs.org/recast 739ms (cache revalidated)
npm http fetch GET 200 https://registry.npmjs.org/temp 761ms (cache revalidated)
npm http fetch GET 200 https://registry.npmjs.org/node-dir 598ms (cache revalidated)
npm http fetch GET 200 https://registry.npmjs.org/neo-async 769ms (cache revalidated)
npm http fetch GET 200 https://registry.npmjs.org/babel-core 1155ms (cache revalidated)
npm http fetch GET 200 https://registry.npmjs.org/flow-parser 1074ms (cache revalidated)
npm http fetch GET 200 https://registry.npmjs.org/@babel%2fregister 1184ms (cache revalidated)
npm http fetch GET 200 https://registry.npmjs.org/@babel%2fpreset-flow 899ms (cache revalidated)
npm http fetch GET 200 https://registry.npmjs.org/trim-right 473ms (cache revalidated)
npm http fetch GET 200 https://registry.npmjs.org/foreground-child 765ms (cache revalidated)
npm http fetch GET 200 https://registry.npmjs.org/path-scurry 1413ms (cache revalidated)
npm http fetch GET 200 https://registry.npmjs.org/jackspeak 1504ms (cache revalidated)
npm http fetch GET 200 https://registry.npmjs.org/package-json-from-dist 1361ms (cache revalidated)
npm http fetch GET 200 https://registry.npmjs.org/aggregate-error 1225ms (cache revalidated)
npm http fetch GET 200 https://registry.npmjs.org/unique-slug 1269ms (cache revalidated)
npm http fetch GET 200 https://registry.npmjs.org/unpipe 963ms (cache revalidated)
npm http fetch GET 200 https://registry.npmjs.org/buffer-alloc 1000ms (cache revalidated)
npm http fetch GET 200 https://registry.npmjs.org/fast-uri 624ms (cache revalidated)
npm http fetch GET 200 https://registry.npmjs.org/@radix-ui%2freact-compose-refs 1648ms (cache revalidated)
npm http fetch GET 200 https://registry.npmjs.org/color 1822ms (cache revalidated)
npm http fetch GET 200 https://registry.npmjs.org/@remix-run%2fnode 1985ms (cache revalidated)
npm http fetch GET 200 https://registry.npmjs.org/shallowequal 1377ms (cache revalidated)
npm http fetch GET 200 https://registry.npmjs.org/@react-navigation%2felements 1736ms (cache revalidated)
npm http fetch GET 200 https://registry.npmjs.org/@react-navigation%2felements 1866ms (cache revalidated)
npm http fetch GET 200 https://registry.npmjs.org/react-fast-compare 1146ms (cache revalidated)
npm http fetch GET 200 https://registry.npmjs.org/ajv-formats 1553ms (cache revalidated)
npm http fetch GET 200 https://registry.npmjs.org/ajv 1949ms (cache revalidated)
npm http fetch GET 200 https://registry.npmjs.org/ajv-keywords 1968ms (cache revalidated)
npm http fetch GET 200 https://registry.npmjs.org/@types%2fjson-schema 1552ms (cache revalidated)
npm http fetch GET 200 https://registry.npmjs.org/cookie-signature 780ms (cache revalidated)
npm http fetch GET 200 https://registry.npmjs.org/stream-slice 604ms (cache revalidated)
npm http fetch GET 200 https://registry.npmjs.org/undici 716ms (cache revalidated)
npm http fetch GET 200 https://registry.npmjs.org/@remix-run%2fweb-fetch 2531ms (cache revalidated)
npm http fetch GET 200 https://registry.npmjs.org/@web3-storage%2fmultipart-parser 2605ms (cache revalidated)
npm http fetch GET 200 https://registry.npmjs.org/@remix-run%2fserver-runtime 1662ms (cache revalidated)
npm http fetch GET 200 https://registry.npmjs.org/color-string 1001ms (cache revalidated)
npm http fetch GET 200 https://registry.npmjs.org/cookie 662ms (cache revalidated)
npm http fetch GET 200 https://registry.npmjs.org/set-cookie-parser 53ms (cache revalidated)
npm http fetch GET 200 https://registry.npmjs.org/turbo-stream 329ms (cache revalidated)
npm http fetch GET 200 https://registry.npmjs.org/@remix-run%2frouter 1113ms (cache revalidated)
npm http fetch GET 200 https://registry.npmjs.org/@types%2fcookie 1209ms (cache revalidated)
npm http fetch GET 200 https://registry.npmjs.org/mrmime 326ms (cache revalidated)
npm http fetch GET 200 https://registry.npmjs.org/data-uri-to-buffer 311ms (cache revalidated)
npm http fetch GET 200 https://registry.npmjs.org/@remix-run%2fweb-blob 828ms (cache revalidated)
npm http fetch GET 200 https://registry.npmjs.org/@remix-run%2fweb-stream 837ms (cache revalidated)
npm http fetch GET 200 https://registry.npmjs.org/@remix-run%2fweb-file 1361ms (cache revalidated)
npm http fetch GET 200 https://registry.npmjs.org/@remix-run%2fweb-form-data 803ms (cache revalidated)
npm http fetch GET 200 https://registry.npmjs.org/web-encoding 642ms (cache revalidated)
npm http fetch GET 200 https://registry.npmjs.org/web-streams-polyfill 643ms (cache revalidated)
npm http fetch GET 200 https://registry.npmjs.org/web-encoding 773ms (cache revalidated)
npm http fetch GET 200 https://registry.npmjs.org/util 950ms (cache revalidated)
npm http fetch GET 200 https://registry.npmjs.org/@zxing%2ftext-encoding 1723ms (cache revalidated)
npm http fetch GET 200 https://registry.npmjs.org/simple-swizzle 326ms (cache revalidated)
npm http fetch GET 200 https://registry.npmjs.org/is-arrayish 318ms (cache revalidated)
npm http fetch GET 200 https://registry.npmjs.org/argsarray 333ms (cache revalidated)
npm http fetch GET 200 https://registry.npmjs.org/noop-fn 339ms (cache revalidated)
npm http fetch GET 200 https://registry.npmjs.org/immediate 338ms (cache revalidated)
npm http fetch GET 200 https://registry.npmjs.org/tiny-queue 326ms (cache revalidated)
npm http fetch GET 200 https://registry.npmjs.org/pouchdb-collections 347ms (cache revalidated)
npm http fetch GET 200 https://registry.npmjs.org/expo-json-utils 522ms (cache revalidated)
npm http fetch GET 200 https://registry.npmjs.org/p-limit 673ms (cache revalidated)
npm http fetch GET 200 https://registry.npmjs.org/yocto-queue 520ms (cache revalidated)
npm http fetch GET 200 https://registry.npmjs.org/ua-parser-js 480ms (cache revalidated)
npm http fetch GET 200 https://registry.npmjs.org/setimmediate 1082ms (cache revalidated)
npm http fetch GET 200 https://registry.npmjs.org/cross-fetch 1168ms (cache revalidated)
npm http fetch GET 200 https://registry.npmjs.org/fbjs-css-vars 703ms (cache revalidated)
npm http fetch GET 200 https://registry.npmjs.org/asap 725ms (cache revalidated)
npm http fetch GET 200 https://registry.npmjs.org/flatted 1080ms (cache revalidated)
npm http fetch GET 200 https://registry.npmjs.org/keyv 1097ms (cache revalidated)
npm http fetch GET 200 https://registry.npmjs.org/ee-first 580ms (cache revalidated)
npm http fetch GET 200 https://registry.npmjs.org/p-locate 348ms (cache revalidated)
npm http fetch GET 200 https://registry.npmjs.org/@firebase%2flogger 1492ms (cache revalidated)
npm http fetch GET 200 https://registry.npmjs.org/@firebase%2fcomponent 2044ms (cache revalidated)
npm http fetch GET 200 https://registry.npmjs.org/@firebase%2fcomponent 2305ms (cache revalidated)
npm http fetch GET 200 https://registry.npmjs.org/idb 1000ms (cache revalidated)
npm http fetch GET 200 https://registry.npmjs.org/undici 714ms (cache revalidated)
npm http fetch GET 200 https://registry.npmjs.org/@firebase%2fanalytics-types 2249ms (cache revalidated)
npm http fetch GET 200 https://registry.npmjs.org/@firebase%2fapp-check-types 2083ms (cache revalidated)
npm http fetch GET 200 https://registry.npmjs.org/faye-websocket 1050ms (cache revalidated)
npm http fetch GET 200 https://registry.npmjs.org/@firebase%2fauth-types 2093ms (cache revalidated)
npm http fetch GET 200 https://registry.npmjs.org/@firebase%2fauth-interop-types 1927ms (cache revalidated)
npm http fetch GET 200 https://registry.npmjs.org/@firebase%2fapp-check-interop-types 1744ms (cache revalidated)
npm http fetch GET 200 https://registry.npmjs.org/@firebase%2fdatabase-types 1419ms (cache revalidated)
npm http fetch GET 200 https://registry.npmjs.org/@grpc%2fgrpc-js 1114ms (cache revalidated)
npm http fetch GET 200 https://registry.npmjs.org/@firebase%2ffirestore-types 1324ms (cache revalidated)
npm http fetch GET 200 https://registry.npmjs.org/@firebase%2fwebchannel-wrapper 1594ms (cache revalidated)
npm http fetch GET 200 https://registry.npmjs.org/@grpc%2fproto-loader 2485ms (cache revalidated)
npm http fetch GET 200 https://registry.npmjs.org/@firebase%2fmessaging-interop-types 1333ms (cache revalidated)
npm http fetch GET 200 https://registry.npmjs.org/@firebase%2finstallations-types 1469ms (cache revalidated)
npm http fetch GET 200 https://registry.npmjs.org/@firebase%2ffunctions-types 1645ms (cache revalidated)
npm http fetch GET 200 https://registry.npmjs.org/@firebase%2fperformance-types 1782ms (cache revalidated)
npm http fetch GET 200 https://registry.npmjs.org/@firebase%2fstorage-types 1526ms (cache revalidated)
npm http fetch GET 200 https://registry.npmjs.org/@firebase%2fremote-config-types 1794ms (cache revalidated)
npm http fetch GET 200 https://registry.npmjs.org/@fastify%2fbusboy 1963ms (cache revalidated)
npm http fetch GET 200 https://registry.npmjs.org/websocket-driver 303ms (cache revalidated)
npm http fetch GET 200 https://registry.npmjs.org/protobufjs 825ms (cache revalidated)
npm http fetch GET 200 https://registry.npmjs.org/long 890ms (cache revalidated)
npm http fetch GET 200 https://registry.npmjs.org/lodash.camelcase 958ms (cache revalidated)
npm http fetch GET 200 https://registry.npmjs.org/@protobufjs%2fpath 72ms (cache revalidated)
npm http fetch GET 200 https://registry.npmjs.org/@protobufjs%2fpool 82ms (cache revalidated)
npm http fetch GET 200 https://registry.npmjs.org/@protobufjs%2ffetch 71ms (cache revalidated)
npm http fetch GET 200 https://registry.npmjs.org/@protobufjs%2ffloat 64ms (cache revalidated)
npm http fetch GET 200 https://registry.npmjs.org/@protobufjs%2fbase64 58ms (cache revalidated)
npm http fetch GET 200 https://registry.npmjs.org/@protobufjs%2faspromise 58ms (cache revalidated)
npm http fetch GET 200 https://registry.npmjs.org/@protobufjs%2futf8 276ms (cache revalidated)
npm http fetch GET 200 https://registry.npmjs.org/y18n 49ms (cache revalidated)
npm http fetch GET 200 https://registry.npmjs.org/cliui 63ms (cache revalidated)
npm http fetch GET 200 https://registry.npmjs.org/yargs-parser 51ms (cache revalidated)
npm http fetch GET 200 https://registry.npmjs.org/@protobufjs%2feventemitter 218ms (cache revalidated)
npm http fetch GET 200 https://registry.npmjs.org/get-caller-file 63ms (cache revalidated)
npm http fetch GET 200 https://registry.npmjs.org/require-directory 51ms (cache revalidated)
npm http fetch GET 200 https://registry.npmjs.org/@protobufjs%2fcodegen 864ms (cache revalidated)
npm http fetch GET 200 https://registry.npmjs.org/websocket-extensions 716ms (cache revalidated)
npm http fetch GET 200 https://registry.npmjs.org/safe-buffer 719ms (cache revalidated)
npm http fetch GET 200 https://registry.npmjs.org/http-parser-js 1182ms (cache revalidated)
npm http fetch GET 200 https://registry.npmjs.org/json-buffer 414ms (cache revalidated)
npm http fetch GET 200 https://registry.npmjs.org/delayed-stream 313ms (cache revalidated)
npm http fetch GET 200 https://registry.npmjs.org/wrappy 49ms (cache revalidated)
npm http fetch GET 200 https://registry.npmjs.org/wrappy 69ms (cache revalidated)
npm http fetch GET 200 https://registry.npmjs.org/callsites 51ms (cache revalidated)
npm http fetch GET 200 https://registry.npmjs.org/execa 267ms (cache revalidated)
npm http fetch GET 200 https://registry.npmjs.org/ip-regex 490ms (cache revalidated)
npm http fetch GET 200 https://registry.npmjs.org/strip-eof 764ms (cache revalidated)
npm http fetch GET 200 https://registry.npmjs.org/get-stream 800ms (cache revalidated)
npm http fetch GET 200 https://registry.npmjs.org/p-finally 1230ms (cache revalidated)
npm http fetch GET 200 https://registry.npmjs.org/npm-run-path 459ms (cache revalidated)
npm http fetch GET 200 https://registry.npmjs.org/pump 75ms (cache revalidated)
npm http fetch GET 200 https://registry.npmjs.org/nice-try 324ms (cache revalidated)
npm http fetch GET 200 https://registry.npmjs.org/end-of-stream 48ms (cache revalidated)
npm http fetch GET 200 https://registry.npmjs.org/side-channel-weakmap 55ms (cache revalidated)
npm http fetch GET 200 https://registry.npmjs.org/side-channel-map 62ms (cache revalidated)
npm http fetch GET 200 https://registry.npmjs.org/side-channel-list 64ms (cache revalidated)
npm http fetch GET 200 https://registry.npmjs.org/jest-config 95ms (cache revalidated)
npm http fetch GET 200 https://registry.npmjs.org/jest-runner 350ms (cache revalidated)
npm http fetch GET 200 https://registry.npmjs.org/exit 368ms (cache revalidated)
npm http fetch GET 200 https://registry.npmjs.org/jest-runtime 99ms (cache revalidated)
npm http fetch GET 200 https://registry.npmjs.org/jest-resolve 378ms (cache revalidated)
npm http fetch GET 200 https://registry.npmjs.org/jest-watcher 155ms (cache revalidated)
npm http fetch GET 200 https://registry.npmjs.org/jest-snapshot 121ms (cache revalidated)
npm http fetch GET 200 https://registry.npmjs.org/@jest%2freporters 563ms (cache revalidated)
npm http fetch GET 200 https://registry.npmjs.org/@jest%2fconsole 902ms (cache revalidated)
npm http fetch GET 200 https://registry.npmjs.org/jest-changed-files 460ms (cache revalidated)
npm http fetch GET 200 https://registry.npmjs.org/jest-validate 1513ms (cache revalidated)
npm http fetch GET 200 https://registry.npmjs.org/@jest%2ftest-result 1063ms (cache revalidated)
npm http fetch GET 200 https://registry.npmjs.org/pkg-dir 401ms (cache revalidated)
npm http fetch GET 200 https://registry.npmjs.org/jest-resolve-dependencies 621ms (cache revalidated)
npm http fetch GET 200 https://registry.npmjs.org/resolve-cwd 366ms (cache revalidated)
npm http fetch GET 200 https://registry.npmjs.org/create-jest 1702ms (cache revalidated)
npm http fetch GET 200 https://registry.npmjs.org/v8-to-istanbul 346ms (cache revalidated)
npm http fetch GET 200 https://registry.npmjs.org/istanbul-reports 627ms (cache revalidated)
npm http fetch GET 200 https://registry.npmjs.org/@bcoe%2fv8-coverage 614ms (cache revalidated)
npm http fetch GET 200 https://registry.npmjs.org/collect-v8-coverage 685ms (cache revalidated)
npm http fetch GET 200 https://registry.npmjs.org/string-length 1323ms (cache revalidated)
npm http fetch GET 200 https://registry.npmjs.org/istanbul-lib-report 416ms (cache revalidated)
npm http fetch GET 200 https://registry.npmjs.org/istanbul-lib-source-maps 168ms (cache revalidated)
npm http fetch GET 200 https://registry.npmjs.org/deepmerge 170ms (cache revalidated)
npm http fetch GET 200 https://registry.npmjs.org/parse-json 176ms (cache revalidated)
npm http fetch GET 200 https://registry.npmjs.org/jest-circus 208ms (cache revalidated)
npm http fetch GET 200 https://registry.npmjs.org/emittery 396ms (cache revalidated)
npm http fetch GET 200 https://registry.npmjs.org/jest-pnp-resolver 729ms (cache revalidated)
npm http fetch GET 200 https://registry.npmjs.org/jest-docblock 667ms (cache revalidated)
npm http fetch GET 200 https://registry.npmjs.org/@jest%2ftest-sequencer 1462ms (cache revalidated)
npm http fetch GET 200 https://registry.npmjs.org/jest-leak-detector 645ms (cache revalidated)
npm http fetch GET 200 https://registry.npmjs.org/jest-mock 503ms (cache revalidated)
npm http fetch GET 200 https://registry.npmjs.org/@jest%2fenvironment 1272ms (cache revalidated)
npm http fetch GET 200 https://registry.npmjs.org/cjs-module-lexer 98ms (cache revalidated)
npm http fetch GET 200 https://registry.npmjs.org/@jest%2fglobals 630ms (cache revalidated)
npm http fetch GET 200 https://registry.npmjs.org/@jest%2ffake-timers 498ms (cache revalidated)
npm http fetch GET 200 https://registry.npmjs.org/@jest%2fsource-map 878ms (cache revalidated)
npm http fetch GET 200 https://registry.npmjs.org/leven 323ms (cache revalidated)
npm http fetch GET 200 https://registry.npmjs.org/html-escaper 70ms (cache revalidated)
npm http fetch GET 200 https://registry.npmjs.org/char-regex 46ms (cache revalidated)
npm http fetch GET 200 https://registry.npmjs.org/merge-stream 336ms (cache revalidated)
npm http fetch GET 200 https://registry.npmjs.org/make-dir 360ms (cache revalidated)
npm http fetch GET 200 https://registry.npmjs.org/human-signals 223ms (cache revalidated)
npm http fetch GET 200 https://registry.npmjs.org/onetime 236ms (cache revalidated)
npm http fetch GET 200 https://registry.npmjs.org/strip-final-newline 468ms (cache revalidated)
npm http fetch GET 200 https://registry.npmjs.org/jest-each 662ms (cache revalidated)
npm http fetch GET 200 https://registry.npmjs.org/dedent 678ms (cache revalidated)
npm http fetch GET 200 https://registry.npmjs.org/is-generator-fn 394ms (cache revalidated)
npm http fetch GET 200 https://registry.npmjs.org/error-ex 569ms (cache revalidated)
npm http fetch GET 200 https://registry.npmjs.org/json-parse-even-better-errors 44ms (cache revalidated)
npm http fetch GET 200 https://registry.npmjs.org/co 1764ms (cache revalidated)
npm http fetch GET 200 https://registry.npmjs.org/@jest%2fexpect 1520ms (cache revalidated)
npm http fetch GET 200 https://registry.npmjs.org/@sinonjs%2ffake-timers 820ms (cache revalidated)
npm http fetch GET 200 https://registry.npmjs.org/@sinonjs%2fcommons 222ms (cache revalidated)
npm http fetch GET 200 https://registry.npmjs.org/type-detect 44ms (cache revalidated)
npm http fetch GET 200 https://registry.npmjs.org/jsdom 106ms (cache revalidated)
npm http fetch GET 200 https://registry.npmjs.org/@types%2fjsdom 144ms (cache revalidated)
npm http fetch GET 200 https://registry.npmjs.org/parse5 72ms (cache revalidated)
npm http fetch GET 200 https://registry.npmjs.org/abab 83ms (cache revalidated)
npm http fetch GET 200 https://registry.npmjs.org/@types%2ftough-cookie 93ms (cache revalidated)
npm http fetch GET 200 https://registry.npmjs.org/cssom 62ms (cache revalidated)
npm http fetch GET 200 https://registry.npmjs.org/saxes 79ms (cache revalidated)
npm http fetch GET 200 https://registry.npmjs.org/cssstyle 68ms (cache revalidated)
npm http fetch GET 200 https://registry.npmjs.org/escodegen 47ms (cache revalidated)
npm http fetch GET 200 https://registry.npmjs.org/decimal.js 53ms (cache revalidated)
npm http fetch GET 200 https://registry.npmjs.org/symbol-tree 45ms (cache revalidated)
npm http fetch GET 200 https://registry.npmjs.org/domexception 41ms (cache revalidated)
npm http fetch GET 200 https://registry.npmjs.org/nwsapi 360ms (cache revalidated)
npm http fetch GET 200 https://registry.npmjs.org/data-urls 338ms (cache revalidated)
npm http fetch GET 200 https://registry.npmjs.org/tough-cookie 85ms (cache revalidated)
npm http fetch GET 200 https://registry.npmjs.org/acorn-globals 75ms (cache revalidated)
npm http fetch GET 200 https://registry.npmjs.org/whatwg-encoding 66ms (cache revalidated)
npm http fetch GET 200 https://registry.npmjs.org/http-proxy-agent 58ms (cache revalidated)
npm http fetch GET 200 https://registry.npmjs.org/w3c-xmlserializer 71ms (cache revalidated)
npm http fetch GET 200 https://registry.npmjs.org/xml-name-validator 63ms (cache revalidated)
npm http fetch GET 200 https://registry.npmjs.org/html-encoding-sniffer 120ms (cache revalidated)
npm http fetch GET 200 https://registry.npmjs.org/whatwg-mimetype 331ms (cache revalidated)
npm http fetch GET 200 https://registry.npmjs.org/is-potential-custom-element-name 365ms (cache revalidated)
npm http fetch GET 200 https://registry.npmjs.org/entities 425ms (cache revalidated)
npm http fetch GET 200 https://registry.npmjs.org/makeerror 197ms (cache revalidated)
npm http fetch GET 200 https://registry.npmjs.org/bser 473ms (cache revalidated)
npm http fetch GET 200 https://registry.npmjs.org/node-int64 135ms (cache revalidated)
npm http fetch GET 200 https://registry.npmjs.org/detect-newline 162ms (cache revalidated)
npm http fetch GET 200 https://registry.npmjs.org/sprintf-js 315ms (cache revalidated)
npm http fetch GET 200 https://registry.npmjs.org/find-cache-dir 266ms (cache revalidated)
npm http fetch GET 200 https://registry.npmjs.org/flow-estree 519ms (cache revalidated)
npm http fetch GET 200 https://registry.npmjs.org/ast-types 536ms (cache revalidated)
npm http fetch GET 200 https://registry.npmjs.org/commondir 66ms (cache revalidated)
npm http fetch GET 200 https://registry.npmjs.org/is-plain-object 81ms (cache revalidated)
npm http fetch GET 200 https://registry.npmjs.org/shallow-clone 352ms (cache revalidated)
npm http fetch GET 200 https://registry.npmjs.org/pify 312ms (cache revalidated)
npm http fetch GET 200 https://registry.npmjs.org/isobject 70ms (cache revalidated)
npm http fetch GET 200 https://registry.npmjs.org/acorn-walk 108ms (cache revalidated)
npm http fetch GET 200 https://registry.npmjs.org/xmlchars 119ms (cache revalidated)
npm http fetch GET 200 https://registry.npmjs.org/@tootallnate%2fonce 350ms (cache revalidated)
npm http fetch GET 200 https://registry.npmjs.org/iconv-lite 110ms (cache revalidated)
npm http fetch GET 200 https://registry.npmjs.org/psl 381ms (cache revalidated)
npm http fetch GET 200 https://registry.npmjs.org/url-parse 402ms (cache revalidated)
npm http fetch GET 200 https://registry.npmjs.org/tr46 164ms (cache revalidated)
npm http fetch GET 200 https://registry.npmjs.org/is-invalid-path 471ms (cache revalidated)
npm http fetch GET 200 https://registry.npmjs.org/typedarray.prototype.slice 486ms (cache revalidated)
npm http fetch GET 200 https://registry.npmjs.org/buffer-alloc-unsafe 520ms (cache revalidated)
npm http fetch GET 200 https://registry.npmjs.org/buffer-fill 572ms (cache revalidated)
npm http fetch GET 200 https://registry.npmjs.org/fill-range 458ms (cache revalidated)
npm http fetch GET 200 https://registry.npmjs.org/to-regex-range 499ms (cache revalidated)
npm http fetch GET 200 https://registry.npmjs.org/is-number 465ms (cache revalidated)
npm http fetch GET 200 https://registry.npmjs.org/concat-map 429ms (cache revalidated)
npm http fetch GET 200 https://registry.npmjs.org/balanced-match 468ms (cache revalidated)
npm http fetch GET 200 https://registry.npmjs.org/array-timsort 539ms (cache revalidated)
npm http fetch GET 200 https://registry.npmjs.org/os-homedir 863ms (cache revalidated)
npm http fetch GET 200 https://registry.npmjs.org/os-tmpdir 931ms (cache revalidated)
npm http fetch GET 200 https://registry.npmjs.org/builtins 923ms (cache revalidated)
npm http fetch GET 200 https://registry.npmjs.org/restore-cursor 464ms (cache revalidated)
npm http fetch GET 200 https://registry.npmjs.org/defaults 772ms (cache revalidated)
npm http fetch GET 200 https://registry.npmjs.org/p-try 326ms (cache revalidated)
npm http fetch GET 200 https://registry.npmjs.org/clean-stack 580ms (cache revalidated)
npm http fetch GET 200 https://registry.npmjs.org/@react-native-community%2fcli-clean 1371ms (cache revalidated)
npm http fetch GET 200 https://registry.npmjs.org/@react-native-community%2fcli-types 1386ms (cache revalidated)
npm http fetch GET 200 https://registry.npmjs.org/@react-native-community%2fcli-tools 1438ms (cache revalidated)
npm http fetch GET 200 https://registry.npmjs.org/@react-native-community%2fcli-config 1577ms (cache revalidated)
npm http fetch GET 200 https://registry.npmjs.org/@react-native-community%2fcli-hermes 1501ms (cache revalidated)
npm http fetch GET 200 https://registry.npmjs.org/@react-native-community%2fcli-doctor 1632ms (cache revalidated)
npm http fetch GET 200 https://registry.npmjs.org/logkitty 1052ms (cache revalidated)
npm http fetch GET 200 https://registry.npmjs.org/@react-native-community%2fcli-debugger-ui 1396ms (cache revalidated)
npm http fetch GET 200 https://registry.npmjs.org/@react-native-community%2fcli-server-api 1898ms (cache revalidated)
npm http fetch GET 200 https://registry.npmjs.org/fast-xml-parser 1650ms (cache revalidated)
npm http fetch GET 200 https://registry.npmjs.org/metro 889ms (cache revalidated)
npm http fetch GET 200 https://registry.npmjs.org/@react-native-community%2fcli-platform-apple 2118ms (cache revalidated)
npm http fetch GET 200 https://registry.npmjs.org/readline 2072ms (cache revalidated)
npm http fetch GET 200 https://registry.npmjs.org/metro-core 2117ms (cache revalidated)
npm http fetch GET 200 https://registry.npmjs.org/querystring 2469ms (cache revalidated)
npm http fetch GET 200 https://registry.npmjs.org/@react-native%2fdev-middleware 1355ms (cache revalidated)
npm http fetch GET 200 https://registry.npmjs.org/metro-config 1512ms (cache revalidated)
npm http fetch GET 200 https://registry.npmjs.org/vlq 321ms (cache revalidated)
npm http fetch GET 200 https://registry.npmjs.org/ob1 373ms (cache revalidated)
npm http fetch GET 200 https://registry.npmjs.org/react-is 259ms (cache revalidated)
npm http fetch GET 200 https://registry.npmjs.org/@react-native%2fmetro-babel-transformer 1223ms (cache revalidated)
npm http fetch GET 200 https://registry.npmjs.org/metro-symbolicate 552ms (cache revalidated)
npm http fetch GET 200 https://registry.npmjs.org/shell-quote 177ms (cache revalidated)
npm http fetch GET 200 https://registry.npmjs.org/cosmiconfig 87ms (cache revalidated)
npm http fetch GET 200 https://registry.npmjs.org/yaml 108ms (cache revalidated)
npm http fetch GET 200 https://registry.npmjs.org/joi 145ms (cache revalidated)
npm http fetch GET 200 https://registry.npmjs.org/envinfo 512ms (cache revalidated)
npm http fetch GET 200 https://registry.npmjs.org/node-stream-zip 542ms (cache revalidated)
npm http fetch GET 200 https://registry.npmjs.org/hermes-profile-transformer 681ms (cache revalidated)
npm http fetch GET 200 https://registry.npmjs.org/hermes-profile-transformer 607ms (cache revalidated)
npm http fetch GET 200 https://registry.npmjs.org/compression 1173ms (cache revalidated)
npm http fetch GET 200 https://registry.npmjs.org/errorhandler 1460ms (cache revalidated)
npm http fetch GET 200 https://registry.npmjs.org/command-exists 4053ms (cache revalidated)
npm http fetch GET 200 https://registry.npmjs.org/nocache 2923ms (cache revalidated)
npm http fetch GET 200 https://registry.npmjs.org/appdirsjs 1222ms (cache revalidated)
npm http fetch GET 200 https://registry.npmjs.org/sudo-prompt 1158ms (cache revalidated)
npm http fetch GET 200 https://registry.npmjs.org/is-directory 1446ms (cache revalidated)
npm http fetch GET 200 https://registry.npmjs.org/@hapi%2ftopo 2123ms (cache revalidated)
npm http fetch GET 200 https://registry.npmjs.org/@hapi%2fhoek 2277ms (cache revalidated)
npm http fetch GET 200 https://registry.npmjs.org/@sideway%2faddress 1014ms (cache revalidated)
npm http fetch GET 200 https://registry.npmjs.org/@sideway%2fformula 1657ms (cache revalidated)
npm http fetch GET 200 https://registry.npmjs.org/@sideway%2fpinpoint 1531ms (cache revalidated)
npm http fetch GET 200 https://registry.npmjs.org/bl 156ms (cache revalidated)
npm http fetch GET 200 https://registry.npmjs.org/is-interactive 201ms (cache revalidated)
npm http fetch GET 200 https://registry.npmjs.org/is-unicode-supported 405ms (cache revalidated)
npm http fetch GET 200 https://registry.npmjs.org/strnum 535ms (cache revalidated)
npm http fetch GET 200 https://registry.npmjs.org/ansi-fragments 545ms (cache revalidated)
npm http fetch GET 200 https://registry.npmjs.org/dayjs 674ms (cache revalidated)
npm http fetch GET 200 https://registry.npmjs.org/vary 82ms (cache revalidated)
npm http fetch GET 200 https://registry.npmjs.org/bytes 84ms (cache revalidated)
npm http fetch GET 200 https://registry.npmjs.org/on-headers 333ms (cache revalidated)
npm http fetch GET 200 https://registry.npmjs.org/compressible 334ms (cache revalidated)
npm http fetch GET 200 https://registry.npmjs.org/@react-native%2fbabel-preset 402ms (cache revalidated)
npm http fetch GET 200 https://registry.npmjs.org/throat 492ms (cache revalidated)
npm http fetch GET 200 https://registry.npmjs.org/denodeify 385ms (cache revalidated)
npm http fetch GET 200 https://registry.npmjs.org/image-size 369ms (cache revalidated)
npm http fetch GET 200 https://registry.npmjs.org/@react-native%2fdebugger-frontend 940ms (cache revalidated)
npm http fetch GET 200 https://registry.npmjs.org/metro-cache 490ms (cache revalidated)
npm http fetch GET 200 https://registry.npmjs.org/metro-resolver 369ms (cache revalidated)
npm http fetch GET 200 https://registry.npmjs.org/metro-file-map 521ms (cache revalidated)
npm http fetch GET 200 https://registry.npmjs.org/serialize-error 248ms (cache revalidated)
npm http fetch GET 200 https://registry.npmjs.org/lodash.throttle 575ms (cache revalidated)
npm http fetch GET 200 https://registry.npmjs.org/metro-cache-key 596ms (cache revalidated)
npm http fetch GET 200 https://registry.npmjs.org/metro-transform-worker 851ms (cache revalidated)
npm http fetch GET 200 https://registry.npmjs.org/metro-babel-transformer 1123ms (cache revalidated)
npm http fetch GET 200 https://registry.npmjs.org/metro-transform-plugins 1123ms (cache revalidated)
npm http fetch GET 200 https://registry.npmjs.org/@react-native%2fbabel-plugin-codegen 812ms (cache revalidated)
npm http fetch GET 200 https://registry.npmjs.org/caller-path 900ms (cache revalidated)
npm http fetch GET 200 https://registry.npmjs.org/json-parse-better-errors 902ms (cache revalidated)
npm http fetch GET 200 https://registry.npmjs.org/decamelize 554ms (cache revalidated)
npm http fetch GET 200 https://registry.npmjs.org/slice-ansi 565ms (cache revalidated)
npm http fetch GET 200 https://registry.npmjs.org/colorette 830ms (cache revalidated)
npm http fetch GET 200 https://registry.npmjs.org/set-blocking 400ms (cache revalidated)
npm http fetch GET 200 https://registry.npmjs.org/which-module 395ms (cache revalidated)
npm http fetch GET 200 https://registry.npmjs.org/require-main-filename 323ms (cache revalidated)
npm http fetch GET 200 https://registry.npmjs.org/is-fullwidth-code-point 51ms (cache revalidated)
npm http fetch GET 200 https://registry.npmjs.org/astral-regex 59ms (cache revalidated)
npm http fetch GET 200 https://registry.npmjs.org/queue 90ms (cache revalidated)
npm http fetch GET 200 https://registry.npmjs.org/stackframe 375ms (cache revalidated)
npm http fetch GET 200 https://registry.npmjs.org/exponential-backoff 421ms (cache revalidated)
npm http fetch GET 200 https://registry.npmjs.org/node-abort-controller 433ms (cache revalidated)
npm http fetch GET 200 https://registry.npmjs.org/through2 606ms (cache revalidated)
npm http fetch GET 200 https://registry.npmjs.org/metro-minify-terser 620ms (cache revalidated)
npm http fetch GET 200 https://registry.npmjs.org/readable-stream 272ms (cache revalidated)
npm http fetch GET 200 https://registry.npmjs.org/xtend 507ms (cache revalidated)
npm http fetch GET 200 https://registry.npmjs.org/terser 425ms (cache revalidated)
npm http fetch GET 200 https://registry.npmjs.org/@jridgewell%2fsource-map 583ms (cache revalidated)
npm http fetch GET 200 https://registry.npmjs.org/lightningcss-win32-arm64-msvc 519ms (cache revalidated)
npm http fetch GET 200 https://registry.npmjs.org/lightningcss-freebsd-x64 636ms (cache revalidated)
npm http fetch GET 200 https://registry.npmjs.org/@types%2fhammerjs 1092ms (cache revalidated)
npm http fetch GET 200 https://registry.npmjs.org/dequal 688ms (cache revalidated)
npm http fetch GET 200 https://registry.npmjs.org/min-indent 745ms (cache revalidated)
npm http fetch GET 200 https://registry.npmjs.org/unicode-property-aliases-ecmascript 594ms (cache revalidated)
npm http fetch GET 200 https://registry.npmjs.org/unicode-canonical-property-names-ecmascript 702ms (cache revalidated)
npm http fetch GET 200 https://registry.npmjs.org/ini 1110ms (cache revalidated)
npm http fetch GET 200 https://registry.npmjs.org/deep-extend 1376ms (cache revalidated)
npm http fetch GET 200 https://registry.npmjs.org/mimic-fn 55ms (cache revalidated)
npm http fetch GET 200 https://registry.npmjs.org/ajv 219ms (cache revalidated)
npm http fetch GET 200 https://registry.npmjs.org/toidentifier 95ms (cache revalidated)
npm http fetch GET 200 https://registry.npmjs.org/setprototypeof 96ms (cache revalidated)
npm http fetch GET 200 https://registry.npmjs.org/any-promise 98ms (cache revalidated)
npm http fetch GET 200 https://registry.npmjs.org/thenify-all 104ms (cache revalidated)
npm http fetch GET 200 https://registry.npmjs.org/thenify 69ms (cache revalidated)
npm http fetch GET 200 https://registry.npmjs.org/for-own 306ms (cache revalidated)
npm http fetch GET 200 https://registry.npmjs.org/readdirp 61ms (cache revalidated)
npm http fetch GET 200 https://registry.npmjs.org/postcss-value-parser 43ms (cache revalidated)
npm http fetch GET 200 https://registry.npmjs.org/is-binary-path 323ms (cache revalidated)
npm http fetch GET 200 https://registry.npmjs.org/read-cache 338ms (cache revalidated)
npm http fetch GET 200 https://registry.npmjs.org/cssesc 54ms (cache revalidated)
npm http fetch GET 200 https://registry.npmjs.org/util-deprecate 45ms (cache revalidated)
npm http fetch GET 200 https://registry.npmjs.org/camelcase-css 308ms (cache revalidated)
npm http fetch GET 200 https://registry.npmjs.org/binary-extensions 409ms (cache revalidated)
npm http fetch GET 200 https://registry.npmjs.org/globby 334ms (cache revalidated)
npm http fetch GET 200 https://registry.npmjs.org/crypto-random-string 337ms (cache revalidated)
npm http fetch GET 200 https://registry.npmjs.org/is-path-cwd 346ms (cache revalidated)
npm http fetch GET 200 https://registry.npmjs.org/array-union 548ms (cache revalidated)
npm http fetch GET 200 https://registry.npmjs.org/dir-glob 551ms (cache revalidated)
npm http fetch GET 200 https://registry.npmjs.org/path-type 49ms (cache revalidated)
npm http fetch GET 200 https://registry.npmjs.org/string_decoder 62ms (cache revalidated)
npm http fetch GET 200 https://registry.npmjs.org/core-util-is 67ms (cache revalidated)
npm http fetch GET 200 https://registry.npmjs.org/process-nextick-args 334ms (cache revalidated)
npm http fetch GET 200 https://registry.npmjs.org/requires-port 333ms (cache revalidated)
npm http fetch GET 200 https://registry.npmjs.org/querystringify 335ms (cache revalidated)
npm http fetch GET 200 https://registry.npmjs.org/which-builtin-type 337ms (cache revalidated)
npm http fetch GET 200 https://registry.npmjs.org/is-finalizationregistry 53ms (cache revalidated)
npm http fetch GET 200 https://registry.npmjs.org/is-generator-function 67ms (cache revalidated)
npm http fetch GET 200 https://registry.npmjs.org/is-async-function 341ms (cache revalidated)
npm http fetch GET 200 https://registry.npmjs.org/which-collection 319ms (cache revalidated)
npm http fetch GET 200 https://registry.npmjs.org/is-boolean-object 154ms (cache revalidated)
npm http fetch GET 200 https://registry.npmjs.org/is-bigint 159ms (cache revalidated)
npm http fetch GET 200 https://registry.npmjs.org/is-number-object 421ms (cache revalidated)
npm http fetch GET 200 https://registry.npmjs.org/@emnapi%2fcore 313ms (cache revalidated)
npm http fetch GET 200 https://registry.npmjs.org/@emnapi%2fruntime 333ms (cache revalidated)
npm http fetch GET 200 https://registry.npmjs.org/@napi-rs%2fwasm-runtime 728ms (cache revalidated)
npm http fetch GET 200 https://registry.npmjs.org/@emnapi%2fwasi-threads 339ms (cache revalidated)
npm http fetch GET 200 https://registry.npmjs.org/@tybys%2fwasm-util 366ms (cache revalidated)
npm http fetch GET 200 https://registry.npmjs.org/tmpl 699ms (cache revalidated)
npm http fetch GET 200 https://registry.npmjs.org/is-arguments 497ms (cache revalidated)
npm http fetch GET 200 https://registry.npmjs.org/generator-function 728ms (cache revalidated)
npm http fetch GET 200 https://registry.npmjs.org/safer-buffer 546ms (cache revalidated)
npm http fetch GET 200 https://registry.npmjs.org/ieee754 454ms (cache revalidated)
npm http fetch GET 200 https://registry.npmjs.org/async-function 1057ms (cache revalidated)
npm http fetch GET 200 https://registry.npmjs.org/is-map 1158ms (cache revalidated)
npm http fetch GET 200 https://registry.npmjs.org/is-weakmap 1441ms (cache revalidated)
npm http fetch GET 200 https://registry.npmjs.org/is-weakset 345ms (cache revalidated)
npm http fetch GET 200 https://registry.npmjs.org/emoji-regex 64ms (cache revalidated)
npm http fetch GET 200 https://registry.npmjs.org/@isaacs%2fcliui 1403ms (cache revalidated)
npm http fetch GET 200 https://registry.npmjs.org/@pkgjs%2fparseargs 1583ms (cache revalidated)
npm http fetch GET 200 https://registry.npmjs.org/eastasianwidth 798ms (cache revalidated)
npm http fetch GET 200 https://registry.npmjs.org/caller-callsite 561ms (cache revalidated)
npm http fetch GET 200 https://registry.npmjs.org/@humanfs%2fcore 86ms (cache revalidated)
npm http fetch GET 200 https://registry.npmjs.org/@humanfs%2ftypes 88ms (cache revalidated)
npm http fetch GET 200 https://registry.npmjs.org/@eslint%2fobject-schema 270ms (cache revalidated)
npm http fetch GET 200 https://registry.npmjs.org/is-extendable 305ms (cache revalidated)
npm http fetch GET 200 https://registry.npmjs.org/for-in 350ms (cache revalidated)
npm http fetch GET 200 https://registry.npmjs.org/mixin-object 571ms (cache revalidated)
npm verbose type range
npm verbose stack @types/react-native: No matching version found for @types/react-native@~0.74.0.
npm verbose stack     at module.exports (C:\Users\susan\AppData\Roaming\npm\node_modules\npm\node_modules\npm-pick-manifest\lib\index.js:215:23)
npm verbose stack     at RegistryFetcher.manifest (C:\Users\susan\AppData\Roaming\npm\node_modules\npm\node_modules\pacote\lib\registry.js:130:54)
npm verbose stack     at async #fetchManifest (C:\Users\susan\AppData\Roaming\npm\node_modules\npm\node_modules\@npmcli\arborist\lib\arborist\build-ideal-tree.js:1202:20)
npm verbose stack     at async #nodeFromEdge (C:\Users\susan\AppData\Roaming\npm\node_modules\npm\node_modules\@npmcli\arborist\lib\arborist\build-ideal-tree.js:1040:19)
npm verbose stack     at async #buildDepStep (C:\Users\susan\AppData\Roaming\npm\node_modules\npm\node_modules\@npmcli\arborist\lib\arborist\build-ideal-tree.js:904:11)
npm verbose stack     at async Arborist.buildIdealTree (C:\Users\susan\AppData\Roaming\npm\node_modules\npm\node_modules\@npmcli\arborist\lib\arborist\build-ideal-tree.js:181:7)
npm verbose stack     at async Promise.all (index 1)
npm verbose stack     at async Arborist.reify (C:\Users\susan\AppData\Roaming\npm\node_modules\npm\node_modules\@npmcli\arborist\lib\arborist\reify.js:131:5)
npm verbose stack     at async Install.exec (C:\Users\susan\AppData\Roaming\npm\node_modules\npm\lib\commands\install.js:150:5)
npm verbose stack     at async Npm.exec (C:\Users\susan\AppData\Roaming\npm\node_modules\npm\lib\npm.js:207:9)
npm error code ETARGET
npm error notarget No matching version found for @types/react-native@~0.74.0.
npm error notarget In most cases you or one of your dependencies are requesting
npm error notarget a package version that doesn't exist.
npm verbose cwd D:\pose-app\snap-pose
npm verbose os Windows_NT 10.0.19045
npm verbose node v24.12.0
npm verbose npm  v10.9.2
npm verbose exit 1
npm verbose code 1
npm error A complete log of this run can be found in: D:\npm-cache\_logs\2026-08-05T12_16_50_960Z-debug-0.log
